,date,player1,player2,daybefore,winrate
0,2021-08-29,Canna,Khan,2021-08-28,50%
1,2021-08-29,Khan,Canna,2021-08-28,50%
2,2021-08-22,Rascal,Canna,2021-08-21,44.8%
3,2021-08-22,Canna,Rascal,2021-08-21,55.2%
4,2021-08-21,Rich,Khan,2021-08-20,28.6%
5,2021-08-21,Rich,Kellin,2021-08-20,51.8%
6,2021-08-21,Khan,Rich,2021-08-20,71.4%
7,2021-08-19,Summit,Canna,2021-08-18,35.3%
8,2021-08-19,Canna,Summit,2021-08-18,64.7%
9,2021-08-18,Kiin,Rich,2021-08-17,55.6%
10,2021-08-18,Rich,Kiin,2021-08-17,44.4%
11,2021-08-15,Rascal,Rich,2021-08-14,92.3%
12,2021-08-15,Canna,Morgan,2021-08-14,85.7%
13,2021-08-15,Morgan,Canna,2021-08-14,14.3%
14,2021-08-14,Kiin,Doran,2021-08-13,47.6%
15,2021-08-14,Doran,Kiin,2021-08-13,52.4%
16,2021-08-14,Khan,Summit,2021-08-13,75%
17,2021-08-13,Kingen,Rich,2021-08-12,40%
18,2021-08-13,Rascal,Hoya,2021-08-12,80%
19,2021-08-13,Hoya,Rascal,2021-08-12,20%
20,2021-08-12,Summit,Doran,2021-08-11,38.9%
21,2021-08-12,Morgan,Kiin,2021-08-11,80%
22,2021-08-08,Kingen,Canna,2021-08-07,12.5%
23,2021-08-08,Canna,Kingen,2021-08-07,87.5%
24,2021-08-08,Khan,Rascal,2021-08-07,75%
25,2021-08-08,Khan,Burdol,2021-08-07,
26,2021-08-07,Summit,Hoya,2021-08-06,33.3%
27,2021-08-07,Hoya,Summit,2021-08-06,66.7%
28,2021-08-07,Rich,Kiin,2021-08-06,50%
29,2021-08-06,Canna,Burdol,2021-08-05,
30,2021-08-06,Burdol,Canna,2021-08-05,
31,2021-08-06,Kingen,Doran,2021-08-05,28.6%
32,2021-08-06,Doran,Kingen,2021-08-05,71.4%
33,2021-08-05,Morgan,Summit,2021-08-04,50%
34,2021-08-05,Summit,Morgan,2021-08-04,50%
35,2021-08-05,Hoya,Khan,2021-08-04,57.1%
36,2021-08-01,Doran,Khan,2021-07-31,40%
37,2021-08-01,Khan,Doran,2021-07-31,60%
38,2021-08-01,Morgan,Rich,2021-07-31,77.8%
39,2021-08-01,Rich,Morgan,2021-07-31,22.2%
40,2021-07-31,Kiin,Kingen,2021-07-30,44.4%
41,2021-07-31,Kingen,Kiin,2021-07-30,55.6%
42,2021-07-31,Canna,Hoya,2021-07-30,100%
43,2021-07-31,Hoya,Canna,2021-07-30,0%
44,2021-07-30,Doran,Burdol,2021-07-29,
45,2021-07-30,Rich,Summit,2021-07-29,65%
46,2021-07-30,Summit,Rich,2021-07-29,35%
47,2021-07-29,Morgan,Kingen,2021-07-28,100%
48,2021-07-29,Kingen,Morgan,2021-07-28,0%
49,2021-07-29,Khan,Kiin,2021-07-28,76.9%
50,2021-07-29,Kiin,Khan,2021-07-28,23.1%
51,2021-07-25,Morgan,Hoya,2021-07-24,100%
52,2021-07-25,Hoya,Morgan,2021-07-24,0%
53,2021-07-25,Rascal,Kiin,2021-07-24,76.5%
54,2021-07-25,Kiin,Rascal,2021-07-24,23.5%
55,2021-07-24,Canna,Summit,2021-07-23,71.4%
56,2021-07-24,Kingen,Khan,2021-07-23,0%
57,2021-07-24,Khan,Kingen,2021-07-23,100%
58,2021-07-23,Rich,Hoya,2021-07-22,66.7%
59,2021-07-23,Hoya,Rich,2021-07-22,33.3%
60,2021-07-23,DuDu,Doran,2021-07-22,28.6%
61,2021-07-22,Canna,Kiin,2021-07-21,56%
62,2021-07-22,Kiin,Canna,2021-07-21,44%
63,2021-07-22,Summit,Rascal,2021-07-21,34.6%
64,2021-07-22,Rascal,Summit,2021-07-21,65.4%
65,2021-07-18,Rich,Doran,2021-07-17,50%
66,2021-07-18,Hoya,Kingen,2021-07-17,25%
67,2021-07-18,Kingen,Hoya,2021-07-17,75%
68,2021-07-17,Canna,Khan,2021-07-16,42.9%
69,2021-07-17,Rascal,Morgan,2021-07-16,71.4%
70,2021-07-17,Morgan,Rascal,2021-07-16,28.6%
71,2021-07-16,Kingen,Summit,2021-07-15,40%
72,2021-07-16,Kiin,Hoya,2021-07-15,57.1%
73,2021-07-16,Hoya,Kiin,2021-07-15,42.9%
74,2021-07-15,Khan,Rich,2021-07-14,81.8%
75,2021-07-15,Doran,Canna,2021-07-14,38.1%
76,2021-07-11,Canna,Rich,2021-07-10,42.9%
77,2021-07-11,Rich,Canna,2021-07-10,57.1%
78,2021-07-11,Kingen,Rascal,2021-07-10,42.9%
79,2021-07-10,Morgan,Khan,2021-07-09,25%
80,2021-07-10,DuDu,Khan,2021-07-09,14.3%
81,2021-07-10,Hoya,Doran,2021-07-09,20%
82,2021-07-10,Doran,Hoya,2021-07-09,80%
83,2021-07-09,Kiin,Summit,2021-07-08,53.3%
84,2021-07-09,Summit,Kiin,2021-07-08,46.7%
85,2021-07-09,Canna,Rascal,2021-07-08,51.9%
86,2021-07-08,Kingen,Hoya,2021-07-07,80%
87,2021-07-08,Hoya,Kingen,2021-07-07,20%
88,2021-07-08,DuDu,Doran,2021-07-07,0%
89,2021-07-08,Doran,DuDu,2021-07-07,100%
90,2021-07-07,Kiin,Rich,2021-07-06,57.1%
91,2021-07-07,Summit,Khan,2021-07-06,27.8%
92,2021-07-04,Khan,Rascal,2021-07-03,72.7%
93,2021-07-04,Rascal,Khan,2021-07-03,27.3%
94,2021-07-04,Rich,DuDu,2021-07-03,50%
95,2021-07-04,DuDu,Rich,2021-07-03,50%
96,2021-07-03,Summit,Kingen,2021-07-02,57.1%
97,2021-07-03,Canna,Kiin,2021-07-02,59.1%
98,2021-07-03,Kiin,Canna,2021-07-02,40.9%
99,2021-07-02,Doran,Hoya,2021-07-01,75%
100,2021-07-02,Hoya,Doran,2021-07-01,25%
101,2021-07-02,Rich,Khan,2021-07-01,0%
102,2021-07-01,Summit,Kiin,2021-06-30,44.4%
103,2021-07-01,Kiin,Summit,2021-06-30,55.6%
104,2021-07-01,Kingen,DuDu,2021-06-30,50%
105,2021-07-01,DuDu,Kingen,2021-06-30,50%
106,2021-06-30,Hoya,Rascal,2021-06-29,14.3%
107,2021-06-30,Rascal,Hoya,2021-06-29,85.7%
108,2021-06-30,Doran,Canna,2021-06-29,38.9%
109,2021-06-30,Canna,Doran,2021-06-29,61.1%
110,2021-06-27,Doran,Summit,2021-06-26,66.7%
111,2021-06-27,Summit,Doran,2021-06-26,33.3%
112,2021-06-27,Kingen,Canna,2021-06-26,16.7%
113,2021-06-26,Rich,Hoya,2021-06-25,100%
114,2021-06-26,Kiin,Rascal,2021-06-25,25%
115,2021-06-25,Khan,DuDu,2021-06-24,100%
116,2021-06-25,Kingen,Doran,2021-06-24,40%
117,2021-06-25,Doran,Kingen,2021-06-24,60%
118,2021-06-24,Canna,Rich,2021-06-23,60%
119,2021-06-24,Summit,Rascal,2021-06-23,34.8%
120,2021-06-23,Hoya,Khan,2021-06-22,50%
121,2021-06-23,Khan,Hoya,2021-06-22,50%
122,2021-06-23,Kiin,DuDu,2021-06-22,100%
123,2021-06-23,DuDu,Kiin,2021-06-22,0%
124,2021-06-20,DuDu,Hoya,2021-06-19,0%
125,2021-06-20,Hoya,DuDu,2021-06-19,100%
126,2021-06-20,Canna,Summit,2021-06-19,83.3%
127,2021-06-20,Summit,Canna,2021-06-19,16.7%
128,2021-06-19,Doran,Kiin,2021-06-18,55.6%
129,2021-06-19,Kiin,Doran,2021-06-18,44.4%
130,2021-06-19,Kingen,Khan,2021-06-18,0%
131,2021-06-19,Khan,Kingen,2021-06-18,100%
132,2021-06-18,Rich,Rascal,2021-06-17,0%
133,2021-06-18,DuDu,Summit,2021-06-17,0%
134,2021-06-18,Summit,DuDu,2021-06-17,100%
135,2021-06-17,Kiin,Khan,2021-06-16,24.3%
136,2021-06-17,Khan,Kiin,2021-06-16,75.7%
137,2021-06-17,Hoya,Canna,2021-06-16,0%
138,2021-06-17,Canna,Hoya,2021-06-16,100%
139,2021-06-16,Doran,Rascal,2021-06-15,56%
140,2021-06-16,Rich,Kingen,2021-06-15,57.1%
141,2021-06-16,Kingen,Rich,2021-06-15,42.9%
142,2021-06-13,Kiin,Kingen,2021-06-12,28.6%
143,2021-06-13,Destroy,Kiin,2021-06-12,
144,2021-06-13,Khan,Doran,2021-06-12,69.2%
145,2021-06-13,Doran,Khan,2021-06-12,30.8%
146,2021-06-12,Morgan,Rascal,2021-06-11,40%
147,2021-06-12,Summit,Rich,2021-06-11,35.3%
148,2021-06-12,Rich,Summit,2021-06-11,64.7%
149,2021-06-11,Khan,Canna,2021-06-10,50%
150,2021-06-11,Canna,Khan,2021-06-10,50%
151,2021-06-11,Hoya,Kiin,2021-06-10,50%
152,2021-06-11,Kiin,Hoya,2021-06-10,50%
153,2021-06-10,Rascal,Kingen,2021-06-09,50%
154,2021-06-10,Kingen,Rascal,2021-06-09,50%
155,2021-06-10,Doran,Rich,2021-06-09,53.8%
156,2021-06-10,Rich,Doran,2021-06-09,46.2%
157,2021-06-09,Morgan,Canna,2021-06-08,20%
158,2021-06-09,Canna,Morgan,2021-06-08,80%
159,2021-06-09,Summit,Hoya,2021-06-08,50%
160,2021-06-09,Hoya,Summit,2021-06-08,50%
161,2021-04-11,Rascal,Khan,2021-04-10,31.6%
162,2021-04-11,Khan,Rascal,2021-04-10,68.4%
163,2021-04-04,Canna,Rascal,2021-04-03,58.3%
164,2021-04-04,Rascal,Canna,2021-04-03,41.7%
165,2021-04-03,Khan,Morgan,2021-04-02,60%
166,2021-04-03,Morgan,Khan,2021-04-02,40%
167,2021-04-01,Kingen,Canna,2021-03-31,0%
168,2021-04-01,Canna,Kingen,2021-03-31,100%
169,2021-03-31,Morgan,Rich,2021-03-30,100%
170,2021-03-31,Rich,Morgan,2021-03-30,0%
171,2021-03-28,Summit,Kingen,2021-03-27,50%
172,2021-03-28,Kingen,Summit,2021-03-27,50%
173,2021-03-28,Canna,Morgan,2021-03-27,66.7%
174,2021-03-28,Morgan,Canna,2021-03-27,33.3%
175,2021-03-27,Hoya,Rich,2021-03-26,0%
176,2021-03-27,Rich,Hoya,2021-03-26,100%
177,2021-03-27,Khan,Doran,2021-03-26,70%
178,2021-03-27,Doran,Khan,2021-03-26,30%
179,2021-03-26,Summit,Kiin,2021-03-25,48%
180,2021-03-26,Kiin,Summit,2021-03-25,52%
181,2021-03-26,Rascal,Kingen,2021-03-25,33.3%
182,2021-03-25,Doran,Rich,2021-03-24,50%
183,2021-03-25,Rich,Doran,2021-03-24,50%
184,2021-03-25,Morgan,Hoya,2021-03-24,100%
185,2021-03-25,Hoya,Morgan,2021-03-24,0%
186,2021-03-21,Canna,Kiin,2021-03-20,57.9%
187,2021-03-21,Kiin,Canna,2021-03-20,42.1%
188,2021-03-21,Khan,Kingen,2021-03-20,100%
189,2021-03-21,Kingen,Khan,2021-03-20,0%
190,2021-03-20,Doran,Rascal,2021-03-19,59.1%
191,2021-03-20,Rascal,Doran,2021-03-19,40.9%
192,2021-03-20,Hoya,Summit,2021-03-19,100%
193,2021-03-20,Summit,Hoya,2021-03-19,0%
194,2021-03-19,Kingen,Canna,2021-03-18,
195,2021-03-19,Canna,Kingen,2021-03-18,
196,2021-03-19,Rich,Kiin,2021-03-18,33.3%
197,2021-03-19,Kiin,Rich,2021-03-18,66.7%
198,2021-03-18,Doran,Morgan,2021-03-17,0%
199,2021-03-18,Morgan,Doran,2021-03-17,100%
200,2021-03-18,Rascal,Khan,2021-03-17,25%
201,2021-03-18,Khan,Rascal,2021-03-17,75%
202,2021-03-14,Rich,Khan,2021-03-13,0%
203,2021-03-14,Khan,Rich,2021-03-13,100%
204,2021-03-14,Summit,Morgan,2021-03-13,100%
205,2021-03-14,Morgan,Summit,2021-03-13,0%
206,2021-03-13,Kiin,Hoya,2021-03-12,100%
207,2021-03-13,Hoya,Kiin,2021-03-12,0%
208,2021-03-13,Canna,Rascal,2021-03-12,54.5%
209,2021-03-13,Rascal,Canna,2021-03-12,45.5%
210,2021-03-12,Rich,Kingen,2021-03-11,50%
211,2021-03-12,Kingen,Rich,2021-03-11,50%
212,2021-03-12,Summit,Doran,2021-03-11,23.1%
213,2021-03-12,Doran,Summit,2021-03-11,76.9%
214,2021-03-11,Morgan,Kiin,2021-03-10,66.7%
215,2021-03-11,Kiin,Morgan,2021-03-10,33.3%
216,2021-03-11,Khan,Hoya,2021-03-10,0%
217,2021-03-11,Hoya,Khan,2021-03-10,100%
218,2021-03-07,Rascal,Morgan,2021-03-06,33.3%
219,2021-03-07,Morgan,Rascal,2021-03-06,66.7%
220,2021-03-07,Hoya,Kingen,2021-03-06,33.3%
221,2021-03-07,Kingen,Hoya,2021-03-06,66.7%
222,2021-03-06,Doran,Zeus,2021-03-05,
223,2021-03-06,Zeus,Doran,2021-03-05,
224,2021-03-06,Kiin,Khan,2021-03-05,25.7%
225,2021-03-06,Khan,Kiin,2021-03-05,74.3%
226,2021-03-05,Summit,Rascal,2021-03-04,28.6%
227,2021-03-05,Rascal,Summit,2021-03-04,71.4%
228,2021-03-05,Rich,Morgan,2021-03-04,0%
229,2021-03-05,Morgan,Rich,2021-03-04,100%
230,2021-03-04,Zeus,Hoya,2021-03-03,100%
231,2021-03-04,Hoya,Zeus,2021-03-03,0%
232,2021-03-04,Doran,Kingen,2021-03-03,100%
233,2021-03-04,Kingen,Doran,2021-03-03,0%
234,2021-02-28,Rich,Summit,2021-02-27,60%
235,2021-02-28,Summit,Rich,2021-02-27,40%
236,2021-02-28,Rascal,Kiin,2021-02-27,75.9%
237,2021-02-28,Kiin,Rascal,2021-02-27,24.1%
238,2021-02-27,Zeus,Khan,2021-02-26,
239,2021-02-27,Khan,Zeus,2021-02-26,
240,2021-02-27,Morgan,Kingen,2021-02-26,100%
241,2021-02-27,Kingen,Morgan,2021-02-26,0%
242,2021-02-26,Doran,Kiin,2021-02-25,62.5%
243,2021-02-26,Kiin,Doran,2021-02-25,37.5%
244,2021-02-26,Rascal,Hoya,2021-02-25,100%
245,2021-02-26,Hoya,Rascal,2021-02-25,0%
246,2021-02-25,Summit,Khan,2021-02-24,31.3%
247,2021-02-25,Khan,Summit,2021-02-24,68.8%
248,2021-02-25,Zeus,Rich,2021-02-24,66.7%
249,2021-02-25,Rich,Zeus,2021-02-24,33.3%
250,2021-02-21,Zeus,Summit,2021-02-20,
251,2021-02-21,Summit,Zeus,2021-02-20,
252,2021-02-21,Kiin,Kingen,2021-02-20,25%
253,2021-02-21,Kingen,Kiin,2021-02-20,75%
254,2021-02-20,Morgan,Khan,2021-02-19,33.3%
255,2021-02-20,Khan,DuDu,2021-02-19,100%
256,2021-02-20,Rascal,Rich,2021-02-19,100%
257,2021-02-20,Rich,Rascal,2021-02-19,0%
258,2021-02-19,Hoya,Doran,2021-02-18,33.3%
259,2021-02-19,Doran,Hoya,2021-02-18,66.7%
260,2021-02-19,Kingen,Zeus,2021-02-18,
261,2021-02-19,Zeus,Kingen,2021-02-18,
262,2021-02-18,Rascal,Kiin,2021-02-17,74.1%
263,2021-02-18,Kiin,Rascal,2021-02-17,25.9%
264,2021-02-18,Rich,Morgan,2021-02-17,
265,2021-02-18,Morgan,Rich,2021-02-17,
266,2021-02-18,Rich,DuDu,2021-02-17,33.3%
267,2021-02-17,Summit,Hoya,2021-02-16,
268,2021-02-17,Hoya,Summit,2021-02-16,
269,2021-02-17,Doran,Khan,2021-02-16,28.6%
270,2021-02-17,Khan,Doran,2021-02-16,71.4%
271,2021-02-07,Kingen,Khan,2021-02-06,0%
272,2021-02-07,Khan,Kingen,2021-02-06,100%
273,2021-02-07,Summit,Morgan,2021-02-06,
274,2021-02-07,DuDu,Summit,2021-02-06,0%
275,2021-02-06,Doran,Kiin,2021-02-05,61.5%
276,2021-02-06,Kiin,Doran,2021-02-05,38.5%
277,2021-02-06,Hoya,Zeus,2021-02-05,
278,2021-02-06,Zeus,Hoya,2021-02-05,
279,2021-02-05,Rich,Rascal,2021-02-04,0%
280,2021-02-05,Rascal,Rich,2021-02-04,100%
281,2021-02-05,Khan,Summit,2021-02-04,64.3%
282,2021-02-05,Summit,Khan,2021-02-04,35.7%
283,2021-02-04,Hoya,Doran,2021-02-03,0%
284,2021-02-04,Doran,Hoya,2021-02-03,100%
285,2021-02-04,Morgan,Kiin,2021-02-03,
286,2021-02-04,Kiin,Morgan,2021-02-03,
287,2021-02-03,Rascal,Kingen,2021-02-02,
288,2021-02-03,Kingen,Rascal,2021-02-02,
289,2021-02-03,Zeus,Rich,2021-02-02,
290,2021-02-03,Rich,Zeus,2021-02-02,
291,2021-01-31,Doran,Rich,2021-01-30,62.5%
292,2021-01-31,Rich,Doran,2021-01-30,37.5%
293,2021-01-31,Canna,Kiin,2021-01-30,64.7%
294,2021-01-31,Kiin,Canna,2021-01-30,35.3%
295,2021-01-30,Rascal,Summit,2021-01-29,68.4%
296,2021-01-30,Summit,Rascal,2021-01-29,31.6%
297,2021-01-30,Hoya,Kingen,2021-01-29,
298,2021-01-30,Kingen,Hoya,2021-01-29,
299,2021-01-29,DuDu,Khan,2021-01-28,0%
300,2021-01-29,Khan,DuDu,2021-01-28,100%
301,2021-01-29,Kiin,Rich,2021-01-28,60%
302,2021-01-29,Rich,Kiin,2021-01-28,40%
303,2021-01-28,Summit,Canna,2021-01-27,20%
304,2021-01-28,Canna,Summit,2021-01-27,80%
305,2021-01-28,Doran,Kingen,2021-01-27,
306,2021-01-28,Kingen,Doran,2021-01-27,
307,2021-01-27,Khan,Rascal,2021-01-26,76.9%
308,2021-01-27,Rascal,Khan,2021-01-26,23.1%
309,2021-01-27,Hoya,Morgan,2021-01-26,
310,2021-01-27,Morgan,Hoya,2021-01-26,
311,2021-01-24,Rascal,Morgan,2021-01-23,
312,2021-01-24,Morgan,Rascal,2021-01-23,
313,2021-01-24,Doran,Canna,2021-01-23,33.3%
314,2021-01-24,Canna,Doran,2021-01-23,66.7%
315,2021-01-23,Rich,Hoya,2021-01-22,
316,2021-01-23,Hoya,Rich,2021-01-22,
317,2021-01-23,Khan,Kiin,2021-01-22,72.7%
318,2021-01-23,Kiin,Khan,2021-01-22,27.3%
319,2021-01-22,Kingen,Summit,2021-01-21,0%
320,2021-01-22,Summit,Kingen,2021-01-21,100%
321,2021-01-22,Doran,Morgan,2021-01-21,
322,2021-01-22,Morgan,Doran,2021-01-21,
323,2021-01-22,Doran,DuDu,2021-01-21,100%
324,2021-01-21,Hoya,Khan,2021-01-20,
325,2021-01-21,Khan,Hoya,2021-01-20,
326,2021-01-21,Canna,Rascal,2021-01-20,57.9%
327,2021-01-21,Rascal,Canna,2021-01-20,42.1%
328,2021-01-20,Kingen,Rich,2021-01-19,0%
329,2021-01-20,Rich,Kingen,2021-01-19,100%
330,2021-01-20,Kiin,Summit,2021-01-19,56.5%
331,2021-01-20,Summit,Kiin,2021-01-19,43.5%
332,2021-01-17,Hoya,Kiin,2021-01-16,
333,2021-01-17,Kiin,Hoya,2021-01-16,
334,2021-01-17,Khan,Rich,2021-01-16,100%
335,2021-01-17,Rich,Khan,2021-01-16,0%
336,2021-01-16,Morgan,Kingen,2021-01-15,
337,2021-01-16,Kingen,DuDu,2021-01-15,
338,2021-01-16,DuDu,Kingen,2021-01-15,
339,2021-01-16,Doran,Summit,2021-01-15,72.7%
340,2021-01-16,Summit,Doran,2021-01-15,27.3%
341,2021-01-15,Khan,Canna,2021-01-14,0%
342,2021-01-15,Canna,Khan,2021-01-14,100%
343,2021-01-15,Rascal,Hoya,2021-01-14,100%
344,2021-01-15,Hoya,Rascal,2021-01-14,0%
345,2021-01-14,Kingen,Kiin,2021-01-13,100%
346,2021-01-14,Kiin,Kingen,2021-01-13,0%
347,2021-01-14,Rich,Summit,2021-01-13,58.3%
348,2021-01-14,Summit,Rich,2021-01-13,41.7%
349,2021-01-13,Canna,Morgan,2021-01-12,
350,2021-01-13,Morgan,Canna,2021-01-12,
351,2021-01-13,Doran,Rascal,2021-01-12,65%
352,2021-01-13,Rascal,Doran,2021-01-12,35%
353,2021-08-29,Oner,Canyon,2021-08-28,50%
354,2021-08-29,Canyon,Oner,2021-08-28,50%
355,2021-08-22,Clid,Oner,2021-08-21,33.3%
356,2021-08-22,Oner,Clid,2021-08-21,66.7%
357,2021-08-21,Peanut,Canyon,2021-08-20,29.2%
358,2021-08-21,Canyon,Peanut,2021-08-20,70.8%
359,2021-08-19,Croco,Oner,2021-08-18,66.7%
360,2021-08-19,Oner,Croco,2021-08-18,33.3%
361,2021-08-18,Dread,Peanut,2021-08-17,42.1%
362,2021-08-18,Peanut,Dread,2021-08-17,57.9%
363,2021-08-15,Clid,Peanut,2021-08-14,88.2%
364,2021-08-15,Oner,Willer,2021-08-14,
365,2021-08-15,Willer,Oner,2021-08-14,
366,2021-08-14,Dread,Blank,2021-08-13,60%
367,2021-08-14,Blank,Dread,2021-08-13,40%
368,2021-08-14,Dread,GIDEON,2021-08-13,100%
369,2021-08-14,Canyon,Croco,2021-08-13,100%
370,2021-08-13,Pyosik,Peanut,2021-08-12,40%
371,2021-08-13,Clid,UmTi,2021-08-12,83.3%
372,2021-08-13,UmTi,Clid,2021-08-12,16.7%
373,2021-08-12,Croco,Blank,2021-08-11,40%
374,2021-08-12,Croco,GIDEON,2021-08-11,100%
375,2021-08-12,Willer,Dread,2021-08-11,
376,2021-08-08,Pyosik,Oner,2021-08-07,
377,2021-08-08,Oner,Pyosik,2021-08-07,
378,2021-08-08,Canyon,Clid,2021-08-07,52.9%
379,2021-08-07,Croco,UmTi,2021-08-06,33.3%
380,2021-08-07,UmTi,Croco,2021-08-06,66.7%
381,2021-08-07,Peanut,Dread,2021-08-06,64.7%
382,2021-08-06,Oner,Clid,2021-08-05,
383,2021-08-06,Clid,Oner,2021-08-05,
384,2021-08-06,Pyosik,Blank,2021-08-05,0%
385,2021-08-06,GIDEON,Pyosik,2021-08-05,33.3%
386,2021-08-06,Pyosik,GIDEON,2021-08-05,66.7%
387,2021-08-05,Willer,Croco,2021-08-04,
388,2021-08-05,Croco,Willer,2021-08-04,
389,2021-08-05,UmTi,Canyon,2021-08-04,50%
390,2021-08-01,Blank,Canyon,2021-07-31,60%
391,2021-08-01,Canyon,Blank,2021-07-31,40%
392,2021-08-01,Willer,Peanut,2021-07-31,
393,2021-08-01,Peanut,Willer,2021-07-31,
394,2021-07-31,Dread,Pyosik,2021-07-30,44.4%
395,2021-07-31,Pyosik,Dread,2021-07-30,55.6%
396,2021-07-31,Oner,UmTi,2021-07-30,0%
397,2021-07-31,UmTi,Oner,2021-07-30,100%
398,2021-07-30,Blank,Clid,2021-07-29,33.3%
399,2021-07-30,Peanut,Croco,2021-07-29,75%
400,2021-07-30,Croco,Peanut,2021-07-29,25%
401,2021-07-29,Willer,Pyosik,2021-07-28,
402,2021-07-29,Pyosik,Willer,2021-07-28,
403,2021-07-29,Canyon,Dread,2021-07-28,88.2%
404,2021-07-29,Dread,Canyon,2021-07-28,11.8%
405,2021-07-25,Willer,UmTi,2021-07-24,
406,2021-07-25,UmTi,Willer,2021-07-24,
407,2021-07-25,Clid,Dread,2021-07-24,78.3%
408,2021-07-25,Dread,Clid,2021-07-24,21.7%
409,2021-07-24,Oner,Croco,2021-07-23,
410,2021-07-24,Pyosik,Canyon,2021-07-23,36.7%
411,2021-07-24,Canyon,Pyosik,2021-07-23,63.3%
412,2021-07-23,Peanut,UmTi,2021-07-22,70.4%
413,2021-07-23,UmTi,Peanut,2021-07-22,25.9%
414,2021-07-23,Willer,Blank,2021-07-22,
415,2021-07-22,Oner,Dread,2021-07-21,
416,2021-07-22,Dread,Oner,2021-07-21,
417,2021-07-22,Croco,YoungJae,2021-07-21,
418,2021-07-22,YoungJae,Croco,2021-07-21,
419,2021-07-18,Peanut,Blank,2021-07-17,72.7%
420,2021-07-18,UmTi,Pyosik,2021-07-17,28.6%
421,2021-07-18,Pyosik,UmTi,2021-07-17,71.4%
422,2021-07-17,Oner,Canyon,2021-07-16,33.3%
423,2021-07-17,Clid,yoHan,2021-07-16,100%
424,2021-07-17,yoHan,Clid,2021-07-16,0%
425,2021-07-17,Clid,Arthur,2021-07-16,33.3%
426,2021-07-16,Pyosik,Croco,2021-07-15,40%
427,2021-07-16,Dread,UmTi,2021-07-15,44.4%
428,2021-07-16,UmTi,Dread,2021-07-15,55.6%
429,2021-07-15,Canyon,Peanut,2021-07-14,76.2%
430,2021-07-15,Blank,Oner,2021-07-14,
431,2021-07-11,Cuzz,Peanut,2021-07-10,61.1%
432,2021-07-11,Peanut,Cuzz,2021-07-10,38.9%
433,2021-07-11,Pyosik,Clid,2021-07-10,56%
434,2021-07-10,Arthur,Canyon,2021-07-09,12.5%
435,2021-07-10,UmTi,Blank,2021-07-09,25%
436,2021-07-10,Blank,UmTi,2021-07-09,75%
437,2021-07-10,UmTi,GIDEON,2021-07-09,0%
438,2021-07-09,Dread,Croco,2021-07-08,44.4%
439,2021-07-09,Croco,Dread,2021-07-08,55.6%
440,2021-07-09,Cuzz,Clid,2021-07-08,45.2%
441,2021-07-08,Pyosik,UmTi,2021-07-07,75%
442,2021-07-08,UmTi,Pyosik,2021-07-07,25%
443,2021-07-08,Arthur,Blank,2021-07-07,50%
444,2021-07-08,Blank,Arthur,2021-07-07,50%
445,2021-07-07,Dread,Peanut,2021-07-06,40%
446,2021-07-07,Croco,Canyon,2021-07-06,0%
447,2021-07-04,Canyon,Clid,2021-07-03,50%
448,2021-07-04,Clid,Canyon,2021-07-03,50%
449,2021-07-04,Peanut,Arthur,2021-07-03,25%
450,2021-07-04,Arthur,Peanut,2021-07-03,75%
451,2021-07-03,Croco,Pyosik,2021-07-02,57.1%
452,2021-07-03,Cuzz,Dread,2021-07-02,50%
453,2021-07-03,Dread,Cuzz,2021-07-02,50%
454,2021-07-02,Blank,Chieftain,2021-07-01,
455,2021-07-02,UmTi,Blank,2021-07-01,28.6%
456,2021-07-02,Peanut,Canyon,2021-07-01,16.7%
457,2021-07-01,Croco,Dread,2021-06-30,50%
458,2021-07-01,Dread,Croco,2021-06-30,50%
459,2021-07-01,Pyosik,Arthur,2021-06-30,33.3%
460,2021-07-01,Arthur,Pyosik,2021-06-30,66.7%
461,2021-06-30,UmTi,Clid,2021-06-29,11.1%
462,2021-06-30,Clid,UmTi,2021-06-29,88.9%
463,2021-06-30,Blank,Cuzz,2021-06-29,37.5%
464,2021-06-30,Cuzz,Blank,2021-06-29,62.5%
465,2021-06-27,Blank,Croco,2021-06-26,100%
466,2021-06-27,Croco,Blank,2021-06-26,0%
467,2021-06-27,Pyosik,Cuzz,2021-06-26,31.6%
468,2021-06-26,Peanut,UmTi,2021-06-25,76%
469,2021-06-26,Dread,Clid,2021-06-25,23.8%
470,2021-06-25,Canyon,yoHan,2021-06-24,100%
471,2021-06-25,Pyosik,Blank,2021-06-24,0%
472,2021-06-25,Blank,Pyosik,2021-06-24,100%
473,2021-06-24,Cuzz,Peanut,2021-06-23,68.8%
474,2021-06-24,Croco,Clid,2021-06-23,100%
475,2021-06-23,Chieftain,Canyon,2021-06-22,
476,2021-06-23,Canyon,UmTi,2021-06-22,50%
477,2021-06-23,Dread,Arthur,2021-06-22,33.3%
478,2021-06-23,Arthur,Dread,2021-06-22,66.7%
479,2021-06-20,Arthur,UmTi,2021-06-19,66.7%
480,2021-06-20,UmTi,Arthur,2021-06-19,33.3%
481,2021-06-20,Cuzz,Croco,2021-06-19,100%
482,2021-06-20,Croco,Cuzz,2021-06-19,0%
483,2021-06-19,Blank,Dread,2021-06-18,50%
484,2021-06-19,Dread,Blank,2021-06-18,50%
485,2021-06-19,Pyosik,Canyon,2021-06-18,39.3%
486,2021-06-19,Canyon,Pyosik,2021-06-18,60.7%
487,2021-06-18,Peanut,Clid,2021-06-17,7.1%
488,2021-06-18,yoHan,Croco,2021-06-17,66.7%
489,2021-06-18,Croco,yoHan,2021-06-17,33.3%
490,2021-06-17,Dread,Canyon,2021-06-16,13.3%
491,2021-06-17,Canyon,Dread,2021-06-16,86.7%
492,2021-06-17,UmTi,Cuzz,2021-06-16,50%
493,2021-06-17,Cuzz,UmTi,2021-06-16,50%
494,2021-06-16,Blank,Clid,2021-06-15,
495,2021-06-16,Peanut,Pyosik,2021-06-15,57.1%
496,2021-06-16,Pyosik,Peanut,2021-06-15,42.9%
497,2021-06-13,Dread,Pyosik,2021-06-12,28.6%
498,2021-06-13,Pyosik,Dread,2021-06-12,71.4%
499,2021-06-13,Canyon,Blank,2021-06-12,66.7%
500,2021-06-13,Blank,Canyon,2021-06-12,33.3%
501,2021-06-12,yoHan,Clid,2021-06-11,0%
502,2021-06-12,Croco,Peanut,2021-06-11,22.2%
503,2021-06-12,Peanut,Croco,2021-06-11,77.8%
504,2021-06-11,Canyon,Cuzz,2021-06-10,41.7%
505,2021-06-11,Cuzz,Canyon,2021-06-10,58.3%
506,2021-06-11,UmTi,Dread,2021-06-10,66.7%
507,2021-06-11,Dread,UmTi,2021-06-10,33.3%
508,2021-06-10,Clid,Pyosik,2021-06-09,40.9%
509,2021-06-10,Pyosik,Clid,2021-06-09,59.1%
510,2021-06-10,Blank,Peanut,2021-06-09,26.3%
511,2021-06-10,Peanut,Blank,2021-06-09,73.7%
512,2021-06-09,yoHan,Cuzz,2021-06-08,0%
513,2021-06-09,Cuzz,yoHan,2021-06-08,100%
514,2021-06-09,Croco,UmTi,2021-06-08,50%
515,2021-06-09,UmTi,Croco,2021-06-08,50%
516,2021-04-11,Clid,Canyon,2021-04-10,55.2%
517,2021-04-11,Canyon,Clid,2021-04-10,44.8%
518,2021-04-04,Cuzz,Clid,2021-04-03,50%
519,2021-04-04,Clid,Cuzz,2021-04-03,50%
520,2021-04-03,Canyon,Arthur,2021-04-02,83.3%
521,2021-04-03,Arthur,Canyon,2021-04-02,16.7%
522,2021-04-03,Canyon,yoHan,2021-04-02,100%
523,2021-04-01,Pyosik,Cuzz,2021-03-31,33.3%
524,2021-04-01,Cuzz,Pyosik,2021-03-31,66.7%
525,2021-03-31,Arthur,Peanut,2021-03-30,66.7%
526,2021-03-31,Peanut,yoHan,2021-03-30,0%
527,2021-03-31,yoHan,Peanut,2021-03-30,100%
528,2021-03-28,Croco,Pyosik,2021-03-27,50%
529,2021-03-28,Pyosik,Croco,2021-03-27,50%
530,2021-03-28,Cuzz,yoHan,2021-03-27,
531,2021-03-28,yoHan,Cuzz,2021-03-27,
532,2021-03-27,UmTi,Peanut,2021-03-26,21.7%
533,2021-03-27,Peanut,UmTi,2021-03-26,73.9%
534,2021-03-27,Canyon,GIDEON,2021-03-26,
535,2021-03-27,GIDEON,Canyon,2021-03-26,
536,2021-03-26,Croco,Dread,2021-03-25,75%
537,2021-03-26,Dread,Croco,2021-03-25,25%
538,2021-03-26,Clid,Pyosik,2021-03-25,38.1%
539,2021-03-25,GIDEON,Peanut,2021-03-24,0%
540,2021-03-25,Peanut,GIDEON,2021-03-24,100%
541,2021-03-25,yoHan,UmTi,2021-03-24,100%
542,2021-03-25,UmTi,yoHan,2021-03-24,0%
543,2021-03-21,Cuzz,Dread,2021-03-20,47.6%
544,2021-03-21,Dread,Cuzz,2021-03-20,52.4%
545,2021-03-21,Canyon,Pyosik,2021-03-20,57.7%
546,2021-03-21,Pyosik,Canyon,2021-03-20,42.3%
547,2021-03-20,GIDEON,Clid,2021-03-19,
548,2021-03-20,Clid,GIDEON,2021-03-19,
549,2021-03-20,UmTi,Croco,2021-03-19,100%
550,2021-03-20,Croco,UmTi,2021-03-19,0%
551,2021-03-19,Pyosik,Cuzz,2021-03-18,38.5%
552,2021-03-19,Cuzz,Pyosik,2021-03-18,61.5%
553,2021-03-19,Peanut,Dread,2021-03-18,53.8%
554,2021-03-19,Dread,Peanut,2021-03-18,46.2%
555,2021-03-18,GIDEON,yoHan,2021-03-17,
556,2021-03-18,yoHan,GIDEON,2021-03-17,
557,2021-03-18,Clid,Canyon,2021-03-17,53.8%
558,2021-03-18,Canyon,Clid,2021-03-17,46.2%
559,2021-03-14,Peanut,Canyon,2021-03-13,18.8%
560,2021-03-14,Canyon,Peanut,2021-03-13,81.3%
561,2021-03-14,Croco,yoHan,2021-03-13,
562,2021-03-14,yoHan,Croco,2021-03-13,
563,2021-03-13,Dread,UmTi,2021-03-12,50%
564,2021-03-13,UmTi,Dread,2021-03-12,50%
565,2021-03-13,Cuzz,Clid,2021-03-12,46.2%
566,2021-03-13,Clid,Cuzz,2021-03-12,53.8%
567,2021-03-12,Peanut,Pyosik,2021-03-11,50%
568,2021-03-12,Pyosik,Peanut,2021-03-11,50%
569,2021-03-12,Croco,GIDEON,2021-03-11,
570,2021-03-12,GIDEON,Croco,2021-03-11,
571,2021-03-11,yoHan,Dread,2021-03-10,
572,2021-03-11,Dread,yoHan,2021-03-10,
573,2021-03-11,Canyon,UmTi,2021-03-10,0%
574,2021-03-11,UmTi,Canyon,2021-03-10,100%
575,2021-03-07,Clid,yoHan,2021-03-06,
576,2021-03-07,yoHan,Clid,2021-03-06,
577,2021-03-07,UmTi,Pyosik,2021-03-06,50%
578,2021-03-07,Pyosik,UmTi,2021-03-06,50%
579,2021-03-06,GIDEON,Ellim,2021-03-05,
580,2021-03-06,Ellim,GIDEON,2021-03-05,
581,2021-03-06,Dread,Canyon,2021-03-05,15.4%
582,2021-03-06,Canyon,Dread,2021-03-05,84.6%
583,2021-03-05,Croco,Clid,2021-03-04,
584,2021-03-05,Clid,Croco,2021-03-04,
585,2021-03-05,Peanut,yoHan,2021-03-04,
586,2021-03-05,yoHan,Peanut,2021-03-04,
587,2021-03-04,Oner,UmTi,2021-03-03,
588,2021-03-04,UmTi,Oner,2021-03-03,
589,2021-03-04,GIDEON,Pyosik,2021-03-03,
590,2021-03-04,Pyosik,GIDEON,2021-03-03,
591,2021-02-28,Peanut,Croco,2021-02-27,71.4%
592,2021-02-28,Croco,Peanut,2021-02-27,28.6%
593,2021-02-28,Clid,Dread,2021-02-27,77.8%
594,2021-02-28,Dread,Clid,2021-02-27,22.2%
595,2021-02-27,Oner,Canyon,2021-02-26,
596,2021-02-27,Canyon,Oner,2021-02-26,
597,2021-02-27,yoHan,Pyosik,2021-02-26,0%
598,2021-02-27,Pyosik,yoHan,2021-02-26,100%
599,2021-02-26,GIDEON,Dread,2021-02-25,
600,2021-02-26,Dread,GIDEON,2021-02-25,
601,2021-02-26,Clid,UmTi,2021-02-25,100%
602,2021-02-26,UmTi,Clid,2021-02-25,0%
603,2021-02-25,OnFleek,Canyon,2021-02-24,38.1%
604,2021-02-25,Canyon,OnFleek,2021-02-24,61.9%
605,2021-02-25,Oner,Peanut,2021-02-24,
606,2021-02-25,Peanut,Oner,2021-02-24,
607,2021-02-21,Oner,OnFleek,2021-02-20,
608,2021-02-21,OnFleek,Oner,2021-02-20,
609,2021-02-21,Dread,Pyosik,2021-02-20,25%
610,2021-02-21,Pyosik,Dread,2021-02-20,75%
611,2021-02-20,Arthur,Canyon,2021-02-19,0%
612,2021-02-20,Canyon,Arthur,2021-02-19,100%
613,2021-02-20,Clid,Peanut,2021-02-19,91.7%
614,2021-02-20,Peanut,Clid,2021-02-19,8.3%
615,2021-02-19,UmTi,GIDEON,2021-02-18,
616,2021-02-19,GIDEON,UmTi,2021-02-18,
617,2021-02-19,Pyosik,Ellim,2021-02-18,0%
618,2021-02-19,Ellim,Pyosik,2021-02-18,100%
619,2021-02-18,Clid,Dread,2021-02-17,75%
620,2021-02-18,Dread,Clid,2021-02-17,25%
621,2021-02-18,Peanut,Arthur,2021-02-17,
622,2021-02-18,Arthur,Peanut,2021-02-17,
623,2021-02-17,Croco,UmTi,2021-02-16,
624,2021-02-17,UmTi,Croco,2021-02-16,
625,2021-02-17,Blank,Canyon,2021-02-16,
626,2021-02-17,Canyon,Blank,2021-02-16,
627,2021-02-07,Pyosik,Canyon,2021-02-06,45.8%
628,2021-02-07,Canyon,Pyosik,2021-02-06,54.2%
629,2021-02-07,Croco,Arthur,2021-02-06,
630,2021-02-07,Arthur,Croco,2021-02-06,
631,2021-02-06,Blank,Dread,2021-02-05,
632,2021-02-06,Dread,Blank,2021-02-05,
633,2021-02-06,Bonnie,Dread,2021-02-05,
634,2021-02-06,UmTi,Ellim,2021-02-05,
635,2021-02-06,Ellim,UmTi,2021-02-05,
636,2021-02-05,Peanut,Clid,2021-02-04,10%
637,2021-02-05,Clid,Peanut,2021-02-04,90%
638,2021-02-05,Canyon,Croco,2021-02-04,100%
639,2021-02-05,Croco,Canyon,2021-02-04,0%
640,2021-02-04,UmTi,Bonnie,2021-02-03,
641,2021-02-04,Bonnie,UmTi,2021-02-03,
642,2021-02-04,UmTi,Blank,2021-02-03,16.7%
643,2021-02-04,Arthur,Dread,2021-02-03,
644,2021-02-04,Dread,Arthur,2021-02-03,
645,2021-02-03,Clid,Pyosik,2021-02-02,38.9%
646,2021-02-03,Pyosik,Clid,2021-02-02,61.1%
647,2021-02-03,Ellim,Peanut,2021-02-02,
648,2021-02-03,Peanut,Ellim,2021-02-02,
649,2021-01-31,Blank,Peanut,2021-01-30,29.4%
650,2021-01-31,Peanut,Blank,2021-01-30,70.6%
651,2021-01-31,Cuzz,Dread,2021-01-30,52.6%
652,2021-01-31,Dread,Cuzz,2021-01-30,47.4%
653,2021-01-30,Flawless,Croco,2021-01-29,
654,2021-01-30,Croco,Flawless,2021-01-29,
655,2021-01-30,UmTi,Pyosik,2021-01-29,
656,2021-01-30,Pyosik,UmTi,2021-01-29,
657,2021-01-30,Chieftain,Pyosik,2021-01-29,
658,2021-01-29,Arthur,Canyon,2021-01-28,0%
659,2021-01-29,Canyon,Arthur,2021-01-28,100%
660,2021-01-29,Dread,Peanut,2021-01-28,36.4%
661,2021-01-29,Peanut,Dread,2021-01-28,63.6%
662,2021-01-28,Croco,Cuzz,2021-01-27,
663,2021-01-28,Cuzz,Croco,2021-01-27,
664,2021-01-28,Blank,Pyosik,2021-01-27,
665,2021-01-28,Pyosik,Blank,2021-01-27,
666,2021-01-27,Canyon,Flawless,2021-01-26,100%
667,2021-01-27,Flawless,Canyon,2021-01-26,0%
668,2021-01-27,UmTi,Arthur,2021-01-26,100%
669,2021-01-27,Arthur,UmTi,2021-01-26,0%
670,2021-01-24,Clid,Arthur,2021-01-23,
671,2021-01-24,Arthur,Clid,2021-01-23,
672,2021-01-24,Blank,Ellim,2021-01-23,
673,2021-01-24,Ellim,Blank,2021-01-23,
674,2021-01-23,Peanut,UmTi,2021-01-22,71.4%
675,2021-01-23,UmTi,Peanut,2021-01-22,23.8%
676,2021-01-23,Canyon,Dread,2021-01-22,81.8%
677,2021-01-23,Dread,Canyon,2021-01-22,18.2%
678,2021-01-22,Pyosik,Croco,2021-01-21,0%
679,2021-01-22,Croco,Pyosik,2021-01-21,100%
680,2021-01-22,Bonnie,Arthur,2021-01-21,
681,2021-01-22,Arthur,Blank,2021-01-21,
682,2021-01-22,Blank,Arthur,2021-01-21,
683,2021-01-21,UmTi,Canyon,2021-01-20,
684,2021-01-21,Canyon,UmTi,2021-01-20,
685,2021-01-21,Ellim,Clid,2021-01-20,0%
686,2021-01-21,Clid,Ellim,2021-01-20,100%
687,2021-01-20,Pyosik,Peanut,2021-01-19,0%
688,2021-01-20,Peanut,Pyosik,2021-01-19,100%
689,2021-01-20,Dread,Croco,2021-01-19,50%
690,2021-01-20,Croco,Dread,2021-01-19,50%
691,2021-01-17,UmTi,Dread,2021-01-16,100%
692,2021-01-17,Dread,UmTi,2021-01-16,0%
693,2021-01-17,Canyon,Peanut,2021-01-16,78.6%
694,2021-01-17,Peanut,Canyon,2021-01-16,21.4%
695,2021-01-16,Arthur,Pyosik,2021-01-15,
696,2021-01-16,Pyosik,Arthur,2021-01-15,
697,2021-01-16,Blank,Croco,2021-01-15,
698,2021-01-16,Croco,Blank,2021-01-15,
699,2021-01-15,Canyon,Ellim,2021-01-14,100%
700,2021-01-15,Ellim,Canyon,2021-01-14,0%
701,2021-01-15,Clid,UmTi,2021-01-14,100%
702,2021-01-15,UmTi,Clid,2021-01-14,0%
703,2021-01-14,Pyosik,Dread,2021-01-13,100%
704,2021-01-14,Dread,Pyosik,2021-01-13,0%
705,2021-01-14,Peanut,Croco,2021-01-13,75%
706,2021-01-14,Croco,Peanut,2021-01-13,25%
707,2021-01-13,Ellim,Arthur,2021-01-12,
708,2021-01-13,Arthur,Ellim,2021-01-12,
709,2021-01-13,Bonnie,Clid,2021-01-12,
710,2021-01-13,Clid,Bonnie,2021-01-12,
711,2021-08-29,Faker,ShowMaker,2021-08-28,41.2%
712,2021-08-29,ShowMaker,Faker,2021-08-28,58.8%
713,2021-08-22,BDD,Faker,2021-08-21,47%
714,2021-08-22,Faker,BDD,2021-08-21,53%
715,2021-08-21,Gori,ShowMaker,2021-08-20,66.7%
716,2021-08-21,ShowMaker,Gori,2021-08-20,33.3%
717,2021-08-19,Fate,Faker,2021-08-18,85.7%
718,2021-08-19,Faker,Fate,2021-08-18,14.3%
719,2021-08-18,Fly,Gori,2021-08-17,50%
720,2021-08-18,Gori,Fly,2021-08-17,50%
721,2021-08-15,BDD,Gori,2021-08-14,66.7%
722,2021-08-15,Faker,Chovy,2021-08-14,60%
723,2021-08-15,Chovy,Faker,2021-08-14,40%
724,2021-08-14,Fly,Dove,2021-08-13,61.9%
725,2021-08-14,Dove,Fly,2021-08-13,38.1%
726,2021-08-14,Fly,Ucal,2021-08-13,53.3%
727,2021-08-14,ShowMaker,Fate,2021-08-13,92.9%
728,2021-08-13,Jett,Gori,2021-08-12,
729,2021-08-13,BDD,Lava,2021-08-12,62.1%
730,2021-08-13,Lava,BDD,2021-08-12,37.9%
731,2021-08-12,Fate,Dove,2021-08-11,66.7%
732,2021-08-12,Chovy,Fly,2021-08-11,58.6%
733,2021-08-08,Jett,Faker,2021-08-07,
734,2021-08-08,Faker,Jett,2021-08-07,
735,2021-08-08,ShowMaker,BDD,2021-08-07,63.3%
736,2021-08-07,Fate,Lava,2021-08-06,50%
737,2021-08-07,Lava,Fate,2021-08-06,50%
738,2021-08-07,Gori,Fly,2021-08-06,100%
739,2021-08-06,Faker,BDD,2021-08-05,52.4%
740,2021-08-06,BDD,Faker,2021-08-05,47.6%
741,2021-08-06,Jett,Dove,2021-08-05,
742,2021-08-06,Dove,Jett,2021-08-05,
743,2021-08-05,Chovy,Fate,2021-08-04,44.4%
744,2021-08-05,Fate,Chovy,2021-08-04,55.6%
745,2021-08-05,Lava,ShowMaker,2021-08-04,33.3%
746,2021-08-01,Dove,ShowMaker,2021-07-31,44.4%
747,2021-08-01,ShowMaker,Dove,2021-07-31,55.6%
748,2021-08-01,Chovy,Gori,2021-07-31,75%
749,2021-08-01,Gori,Chovy,2021-07-31,25%
750,2021-07-31,Fly,Jett,2021-07-30,
751,2021-07-31,Jett,Fly,2021-07-30,
752,2021-07-31,Faker,Lava,2021-07-30,75%
753,2021-07-31,Lava,Faker,2021-07-30,25%
754,2021-07-31,Yaharong,Faker,2021-07-30,
755,2021-07-30,Dove,BDD,2021-07-29,50%
756,2021-07-30,Gori,Fate,2021-07-29,66.7%
757,2021-07-30,Fate,Gori,2021-07-29,33.3%
758,2021-07-29,Chovy,Jett,2021-07-28,
759,2021-07-29,Jett,Chovy,2021-07-28,
760,2021-07-29,ShowMaker,Fly,2021-07-28,90%
761,2021-07-29,Fly,ShowMaker,2021-07-28,10%
762,2021-07-25,Chovy,Yaharong,2021-07-24,100%
763,2021-07-25,Yaharong,Chovy,2021-07-24,0%
764,2021-07-25,Chovy,Lava,2021-07-24,76.5%
765,2021-07-25,BDD,Fly,2021-07-24,58.3%
766,2021-07-25,Fly,BDD,2021-07-24,38.9%
767,2021-07-24,Faker,Fate,2021-07-23,0%
768,2021-07-24,Jett,ShowMaker,2021-07-23,
769,2021-07-24,ShowMaker,Jett,2021-07-23,
770,2021-07-23,Gori,Lava,2021-07-22,0%
771,2021-07-23,Lava,Gori,2021-07-22,100%
772,2021-07-23,Chovy,Dove,2021-07-22,65.2%
773,2021-07-22,Faker,Fly,2021-07-21,63.2%
774,2021-07-22,Fly,Faker,2021-07-21,36.8%
775,2021-07-22,Fate,BDD,2021-07-21,28.6%
776,2021-07-22,BDD,Fate,2021-07-21,71.4%
777,2021-07-18,Gori,Dove,2021-07-17,66.7%
778,2021-07-18,Lava,Jett,2021-07-17,
779,2021-07-18,Jett,Lava,2021-07-17,
780,2021-07-17,Faker,ShowMaker,2021-07-16,38.7%
781,2021-07-17,BDD,Chovy,2021-07-16,32.4%
782,2021-07-17,Chovy,BDD,2021-07-16,67.6%
783,2021-07-16,Jett,Fate,2021-07-15,
784,2021-07-16,Fly,Lava,2021-07-15,71.4%
785,2021-07-16,Lava,Fly,2021-07-15,28.6%
786,2021-07-15,ShowMaker,Gori,2021-07-14,33.3%
787,2021-07-15,Dove,Faker,2021-07-14,29.2%
788,2021-07-11,Faker,Gori,2021-07-10,0%
789,2021-07-11,Gori,Faker,2021-07-10,100%
790,2021-07-11,Jett,BDD,2021-07-10,
791,2021-07-10,Chovy,ShowMaker,2021-07-09,46.9%
792,2021-07-10,Lava,Dove,2021-07-09,10%
793,2021-07-10,Dove,Lava,2021-07-09,90%
794,2021-07-09,Fly,Fate,2021-07-08,45.5%
795,2021-07-09,Fate,Fly,2021-07-08,54.5%
796,2021-07-09,Faker,BDD,2021-07-08,50.8%
797,2021-07-08,SOLKA,Lava,2021-07-07,66.7%
798,2021-07-08,Lava,SOLKA,2021-07-07,33.3%
799,2021-07-08,Chovy,Dove,2021-07-07,65%
800,2021-07-08,Dove,Chovy,2021-07-07,35%
801,2021-07-07,Fly,Gori,2021-07-06,
802,2021-07-07,Fate,ShowMaker,2021-07-06,8.3%
803,2021-07-04,ShowMaker,BDD,2021-07-03,60.7%
804,2021-07-04,BDD,ShowMaker,2021-07-03,39.3%
805,2021-07-04,Gori,Chovy,2021-07-03,0%
806,2021-07-04,Chovy,Gori,2021-07-03,100%
807,2021-07-03,Fate,SOLKA,2021-07-02,57.1%
808,2021-07-03,Faker,Fly,2021-07-02,64.8%
809,2021-07-03,Fly,Faker,2021-07-02,35.2%
810,2021-07-02,Dove,Lava,2021-07-01,87.5%
811,2021-07-02,Lava,Dove,2021-07-01,12.5%
812,2021-07-02,Gori,ShowMaker,2021-07-01,
813,2021-07-01,Fate,Fly,2021-06-30,50%
814,2021-07-01,Fly,Fate,2021-06-30,50%
815,2021-07-01,SOLKA,Chovy,2021-06-30,37.5%
816,2021-07-01,Chovy,SOLKA,2021-06-30,75%
817,2021-06-30,Lava,BDD,2021-06-29,38.5%
818,2021-06-30,BDD,Lava,2021-06-29,61.5%
819,2021-06-30,Dove,Faker,2021-06-29,28.6%
820,2021-06-30,Faker,Dove,2021-06-29,71.4%
821,2021-06-27,Dove,Fate,2021-06-26,
822,2021-06-27,Fate,Dove,2021-06-26,
823,2021-06-27,SOLKA,Faker,2021-06-26,33.3%
824,2021-06-26,Gori,Lava,2021-06-25,
825,2021-06-26,Fly,BDD,2021-06-25,41.2%
826,2021-06-25,ShowMaker,Chovy,2021-06-24,52.2%
827,2021-06-25,SOLKA,Dove,2021-06-24,
828,2021-06-25,Dove,SOLKA,2021-06-24,
829,2021-06-24,Faker,Gori,2021-06-23,
830,2021-06-24,Fate,BDD,2021-06-23,27.3%
831,2021-06-23,Lava,ShowMaker,2021-06-22,25%
832,2021-06-23,ShowMaker,Lava,2021-06-22,75%
833,2021-06-23,Fly,Chovy,2021-06-22,37%
834,2021-06-23,Chovy,Fly,2021-06-22,63%
835,2021-06-20,Chovy,Lava,2021-06-19,78.6%
836,2021-06-20,Lava,Chovy,2021-06-19,21.4%
837,2021-06-20,Faker,Fate,2021-06-19,0%
838,2021-06-20,Fate,Faker,2021-06-19,100%
839,2021-06-19,Dove,Fly,2021-06-18,38.9%
840,2021-06-19,Fly,Dove,2021-06-18,61.1%
841,2021-06-19,SOLKA,ShowMaker,2021-06-18,0%
842,2021-06-19,ShowMaker,SOLKA,2021-06-18,100%
843,2021-06-18,Gori,BDD,2021-06-17,
844,2021-06-18,Chovy,Fate,2021-06-17,57.1%
845,2021-06-18,Fate,Chovy,2021-06-17,42.9%
846,2021-06-17,Fly,ShowMaker,2021-06-16,11.1%
847,2021-06-17,ShowMaker,Fly,2021-06-16,88.9%
848,2021-06-17,Lava,Faker,2021-06-16,28.6%
849,2021-06-17,Faker,Lava,2021-06-16,71.4%
850,2021-06-16,Dove,BDD,2021-06-15,52.9%
851,2021-06-16,Gori,SOLKA,2021-06-15,
852,2021-06-16,SOLKA,Gori,2021-06-15,
853,2021-06-13,Fly,SOLKA,2021-06-12,33.3%
854,2021-06-13,Kingen,Fly,2021-06-12,66.7%
855,2021-06-13,ShowMaker,Dove,2021-06-12,60%
856,2021-06-13,Dove,ShowMaker,2021-06-12,40%
857,2021-06-12,Chovy,BDD,2021-06-11,71.4%
858,2021-06-12,Fate,Gori,2021-06-11,
859,2021-06-12,Gori,Fate,2021-06-11,
860,2021-06-11,ShowMaker,Faker,2021-06-10,60.7%
861,2021-06-11,Faker,ShowMaker,2021-06-10,39.3%
862,2021-06-11,Lava,Fly,2021-06-10,27.8%
863,2021-06-11,Fly,Lava,2021-06-10,72.2%
864,2021-06-10,BDD,SOLKA,2021-06-09,100%
865,2021-06-10,SOLKA,BDD,2021-06-09,0%
866,2021-06-10,Dove,Gori,2021-06-09,
867,2021-06-10,Gori,Dove,2021-06-09,
868,2021-06-09,Chovy,Faker,2021-06-08,42.4%
869,2021-06-09,Faker,Chovy,2021-06-08,57.6%
870,2021-06-09,Fate,Lava,2021-06-08,66.7%
871,2021-06-09,Lava,Fate,2021-06-08,33.3%
872,2021-04-11,BDD,ShowMaker,2021-04-10,44%
873,2021-04-11,ShowMaker,BDD,2021-04-10,56%
874,2021-04-04,Faker,BDD,2021-04-03,53.4%
875,2021-04-04,BDD,Faker,2021-04-03,46.6%
876,2021-04-03,ShowMaker,Chovy,2021-04-02,48.8%
877,2021-04-03,Chovy,ShowMaker,2021-04-02,51.2%
878,2021-04-01,SOLKA,Faker,2021-03-31,40%
879,2021-04-01,Faker,SOLKA,2021-03-31,60%
880,2021-03-31,Chovy,Bay,2021-03-30,80%
881,2021-03-31,Bay,Chovy,2021-03-30,20%
882,2021-03-28,Fate,SOLKA,2021-03-27,50%
883,2021-03-28,SOLKA,Fate,2021-03-27,50%
884,2021-03-28,Faker,Chovy,2021-03-27,54.8%
885,2021-03-28,Chovy,Faker,2021-03-27,45.2%
886,2021-03-27,Lava,Bay,2021-03-26,0%
887,2021-03-27,Bay,Lava,2021-03-26,100%
888,2021-03-27,ShowMaker,Dove,2021-03-26,59.1%
889,2021-03-27,Dove,ShowMaker,2021-03-26,40.9%
890,2021-03-26,Fate,Fly,2021-03-25,66.7%
891,2021-03-26,Fly,Fate,2021-03-25,33.3%
892,2021-03-26,BDD,SOLKA,2021-03-25,
893,2021-03-25,Dove,Bay,2021-03-24,
894,2021-03-25,Bay,Dove,2021-03-24,
895,2021-03-25,Chovy,Yaharong,2021-03-24,
896,2021-03-25,Yaharong,Chovy,2021-03-24,
897,2021-03-21,Faker,Fly,2021-03-20,64.7%
898,2021-03-21,Fly,Faker,2021-03-20,35.3%
899,2021-03-21,ShowMaker,SOLKA,2021-03-20,100%
900,2021-03-21,SOLKA,ShowMaker,2021-03-20,0%
901,2021-03-20,Dove,BDD,2021-03-19,57.1%
902,2021-03-20,BDD,Dove,2021-03-19,42.9%
903,2021-03-20,Lava,Fate,2021-03-19,50%
904,2021-03-20,Fate,Lava,2021-03-19,50%
905,2021-03-19,SOLKA,Faker,2021-03-18,66.7%
906,2021-03-19,Faker,SOLKA,2021-03-18,33.3%
907,2021-03-19,Bay,Fly,2021-03-18,33.3%
908,2021-03-19,Fly,Bay,2021-03-18,66.7%
909,2021-03-18,Ucal,Chovy,2021-03-17,45.2%
910,2021-03-18,Chovy,Ucal,2021-03-17,54.8%
911,2021-03-18,BDD,ShowMaker,2021-03-17,40.9%
912,2021-03-18,ShowMaker,BDD,2021-03-17,59.1%
913,2021-03-14,Bay,ShowMaker,2021-03-13,0%
914,2021-03-14,ShowMaker,Bay,2021-03-13,100%
915,2021-03-14,Fate,Chovy,2021-03-13,50%
916,2021-03-14,Chovy,Fate,2021-03-13,50%
917,2021-03-13,Fly,Yaharong,2021-03-12,
918,2021-03-13,Yaharong,Fly,2021-03-12,
919,2021-03-13,Faker,BDD,2021-03-12,51.8%
920,2021-03-13,BDD,Faker,2021-03-12,48.2%
921,2021-03-12,Bay,SOLKA,2021-03-11,50%
922,2021-03-12,SOLKA,Bay,2021-03-11,50%
923,2021-03-12,Fate,Ucal,2021-03-11,66.7%
924,2021-03-12,Ucal,Fate,2021-03-11,33.3%
925,2021-03-11,Chovy,Fly,2021-03-10,60%
926,2021-03-11,Fly,Chovy,2021-03-10,40%
927,2021-03-11,ShowMaker,Lava,2021-03-10,72.7%
928,2021-03-11,Yaharong,ShowMaker,2021-03-10,100%
929,2021-03-07,BDD,Chovy,2021-03-06,24.2%
930,2021-03-07,Chovy,BDD,2021-03-06,75.8%
931,2021-03-07,Yaharong,SOLKA,2021-03-06,
932,2021-03-07,SOLKA,Yaharong,2021-03-06,
933,2021-03-06,Dove,Clozer,2021-03-05,
934,2021-03-06,Clozer,Dove,2021-03-05,
935,2021-03-06,Fly,ShowMaker,2021-03-05,12.5%
936,2021-03-06,ShowMaker,Fly,2021-03-05,87.5%
937,2021-03-05,Fate,BDD,2021-03-04,11.1%
938,2021-03-05,BDD,Fate,2021-03-04,88.9%
939,2021-03-05,Bay,Chovy,2021-03-04,33.3%
940,2021-03-05,Chovy,Bay,2021-03-04,66.7%
941,2021-03-04,Clozer,Yaharong,2021-03-03,
942,2021-03-04,Yaharong,Clozer,2021-03-03,
943,2021-03-04,Ucal,SOLKA,2021-03-03,100%
944,2021-03-04,SOLKA,Ucal,2021-03-03,0%
945,2021-02-28,Bay,Fate,2021-02-27,71.4%
946,2021-02-28,Fate,Bay,2021-02-27,28.6%
947,2021-02-28,BDD,Fly,2021-02-27,54.8%
948,2021-02-28,Fly,BDD,2021-02-27,41.9%
949,2021-02-27,Clozer,ShowMaker,2021-02-26,0%
950,2021-02-27,ShowMaker,Clozer,2021-02-26,100%
951,2021-02-27,Chovy,SOLKA,2021-02-26,66.7%
952,2021-02-27,SOLKA,Chovy,2021-02-26,50%
953,2021-02-26,Ucal,Fly,2021-02-25,50%
954,2021-02-26,Fly,Dove,2021-02-25,58.8%
955,2021-02-26,BDD,Lava,2021-02-25,60.9%
956,2021-02-26,Lava,BDD,2021-02-25,39.1%
957,2021-02-25,Fate,ShowMaker,2021-02-24,10%
958,2021-02-25,ShowMaker,Fate,2021-02-24,90%
959,2021-02-25,Clozer,Bay,2021-02-24,
960,2021-02-25,Bay,Clozer,2021-02-24,
961,2021-02-21,Clozer,Fate,2021-02-20,100%
962,2021-02-21,Fate,Clozer,2021-02-20,0%
963,2021-02-21,Fly,SOLKA,2021-02-20,33.3%
964,2021-02-21,SOLKA,Fly,2021-02-20,66.7%
965,2021-02-20,Chovy,ShowMaker,2021-02-19,52.5%
966,2021-02-20,ShowMaker,Chovy,2021-02-19,47.5%
967,2021-02-20,BDD,Bay,2021-02-19,100%
968,2021-02-20,Bay,BDD,2021-02-19,0%
969,2021-02-19,Lava,Dove,2021-02-18,16.7%
970,2021-02-19,Dove,Lava,2021-02-18,83.3%
971,2021-02-19,SOLKA,Faker,2021-02-18,
972,2021-02-19,Faker,SOLKA,2021-02-18,
973,2021-02-18,BDD,Fly,2021-02-17,51.7%
974,2021-02-18,Fly,BDD,2021-02-17,44.8%
975,2021-02-18,Bay,Chovy,2021-02-17,
976,2021-02-18,Chovy,Bay,2021-02-17,
977,2021-02-17,Fate,Lava,2021-02-16,100%
978,2021-02-17,Lava,Fate,2021-02-16,0%
979,2021-02-17,Ucal,ShowMaker,2021-02-16,41.7%
980,2021-02-17,ShowMaker,Ucal,2021-02-16,58.3%
981,2021-02-07,SOLKA,ShowMaker,2021-02-06,0%
982,2021-02-07,ShowMaker,SOLKA,2021-02-06,100%
983,2021-02-07,Fate,Chovy,2021-02-06,0%
984,2021-02-07,Chovy,Fate,2021-02-06,100%
985,2021-02-06,Ucal,Fly,2021-02-05,50%
986,2021-02-06,Fly,Ucal,2021-02-05,50%
987,2021-02-06,Dove,Fly,2021-02-05,37.5%
988,2021-02-06,Chieftain,Faker,2021-02-05,
989,2021-02-06,Faker,Chieftain,2021-02-05,
990,2021-02-05,Bay,BDD,2021-02-04,
991,2021-02-05,BDD,Bay,2021-02-04,
992,2021-02-05,ShowMaker,Fate,2021-02-04,87.5%
993,2021-02-05,Fate,ShowMaker,2021-02-04,12.5%
994,2021-02-04,Lava,Dove,2021-02-03,0%
995,2021-02-04,Dove,Lava,2021-02-03,100%
996,2021-02-04,Lava,Ucal,2021-02-03,38.5%
997,2021-02-04,Chovy,Fly,2021-02-03,59.1%
998,2021-02-04,Fly,Chovy,2021-02-03,40.9%
999,2021-02-03,Karis,SOLKA,2021-02-02,
1000,2021-02-03,SOLKA,Karis,2021-02-02,
1001,2021-02-03,Faker,Bay,2021-02-02,
1002,2021-02-03,Bay,Faker,2021-02-02,
1003,2021-01-31,Ucal,Bay,2021-01-30,0%
1004,2021-01-31,Bay,Ucal,2021-01-30,100%
1005,2021-01-31,Clozer,Fly,2021-01-30,66.7%
1006,2021-01-31,Fly,Clozer,2021-01-30,33.3%
1007,2021-01-30,BDD,Fate,2021-01-29,85.7%
1008,2021-01-30,Fate,BDD,2021-01-29,14.3%
1009,2021-01-30,Lava,SOLKA,2021-01-29,
1010,2021-01-30,SOLKA,Lava,2021-01-29,
1011,2021-01-29,Chovy,ShowMaker,2021-01-28,55.3%
1012,2021-01-29,ShowMaker,Chovy,2021-01-28,44.7%
1013,2021-01-29,Fly,Bay,2021-01-28,0%
1014,2021-01-29,Bay,Fly,2021-01-28,100%
1015,2021-01-28,Fate,Clozer,2021-01-27,0%
1016,2021-01-28,Clozer,Fate,2021-01-27,100%
1017,2021-01-28,Ucal,SOLKA,2021-01-27,
1018,2021-01-28,SOLKA,Ucal,2021-01-27,
1019,2021-01-27,ShowMaker,BDD,2021-01-26,57.9%
1020,2021-01-27,BDD,ShowMaker,2021-01-26,42.1%
1021,2021-01-27,Lava,Chovy,2021-01-26,25%
1022,2021-01-27,Chovy,Lava,2021-01-26,75%
1023,2021-01-24,BDD,Chovy,2021-01-23,23.3%
1024,2021-01-24,Chovy,BDD,2021-01-23,76.7%
1025,2021-01-24,Ucal,Clozer,2021-01-23,0%
1026,2021-01-24,Clozer,Ucal,2021-01-23,100%
1027,2021-01-23,Bay,Lava,2021-01-22,
1028,2021-01-23,Lava,Bay,2021-01-22,
1029,2021-01-23,ShowMaker,Fly,2021-01-22,85.7%
1030,2021-01-23,Fly,ShowMaker,2021-01-22,14.3%
1031,2021-01-22,SOLKA,Fate,2021-01-21,0%
1032,2021-01-22,Fate,SOLKA,2021-01-21,100%
1033,2021-01-22,Ucal,Chovy,2021-01-21,46.4%
1034,2021-01-22,Chovy,Ucal,2021-01-21,53.6%
1035,2021-01-21,Lava,ShowMaker,2021-01-20,11.1%
1036,2021-01-21,ShowMaker,Lava,2021-01-20,88.9%
1037,2021-01-21,Faker,BDD,2021-01-20,52.8%
1038,2021-01-21,BDD,Faker,2021-01-20,47.2%
1039,2021-01-20,SOLKA,Bay,2021-01-19,0%
1040,2021-01-20,Bay,SOLKA,2021-01-19,100%
1041,2021-01-20,Fly,Fate,2021-01-19,50%
1042,2021-01-20,Fate,Fly,2021-01-19,50%
1043,2021-01-17,Lava,Fly,2021-01-16,31.3%
1044,2021-01-17,Fly,Lava,2021-01-16,68.8%
1045,2021-01-17,ShowMaker,Bay,2021-01-16,100%
1046,2021-01-17,Bay,ShowMaker,2021-01-16,0%
1047,2021-01-16,Chovy,SOLKA,2021-01-15,66.7%
1048,2021-01-16,SOLKA,Chovy,2021-01-15,66.7%
1049,2021-01-16,Ucal,Fate,2021-01-15,0%
1050,2021-01-16,Fate,Ucal,2021-01-15,100%
1051,2021-01-15,ShowMaker,Faker,2021-01-14,60%
1052,2021-01-15,Faker,ShowMaker,2021-01-14,40%
1053,2021-01-15,BDD,Lava,2021-01-14,57.1%
1054,2021-01-15,Lava,BDD,2021-01-14,42.9%
1055,2021-01-14,SOLKA,Fly,2021-01-13,
1056,2021-01-14,Fly,SOLKA,2021-01-13,
1057,2021-01-14,Bay,Fate,2021-01-13,75%
1058,2021-01-14,Fate,Bay,2021-01-13,25%
1059,2021-01-13,Clozer,Chovy,2021-01-12,100%
1060,2021-01-13,Chovy,Clozer,2021-01-12,0%
1061,2021-01-13,Ucal,BDD,2021-01-12,25%
1062,2021-01-13,BDD,Ucal,2021-01-12,75%
1063,2021-08-29,Gumayusi,Ghost,2021-08-28,50%
1064,2021-08-29,Ghost,Teddy,2021-08-28,61.4%
1065,2021-08-22,Ruler,Teddy,2021-08-21,45.8%
1066,2021-08-22,Teddy,Ruler,2021-08-21,54.2%
1067,2021-08-21,deokdam,Ghost,2021-08-20,22.2%
1068,2021-08-21,Ghost,deokdam,2021-08-20,77.8%
1069,2021-08-19,Prince,Teddy,2021-08-18,50%
1070,2021-08-19,Teddy,Prince,2021-08-18,50%
1071,2021-08-18,Leo,deokdam,2021-08-17,40%
1072,2021-08-18,deokdam,Leo,2021-08-17,60%
1073,2021-08-15,Ruler,deokdam,2021-08-14,92.3%
1074,2021-08-15,Gumayusi,Deft,2021-08-14,66.7%
1075,2021-08-15,Deft,Gumayusi,2021-08-14,33.3%
1076,2021-08-14,Leo,5kid,2021-08-13,
1077,2021-08-14,5kid,Leo,2021-08-13,
1078,2021-08-14,Ghost,Prince,2021-08-13,100%
1079,2021-08-13,Taeyoon,deokdam,2021-08-12,
1080,2021-08-13,Ruler,Hena,2021-08-12,75%
1081,2021-08-13,Hena,Ruler,2021-08-12,25%
1082,2021-08-12,Prince,5kid,2021-08-11,
1083,2021-08-12,Deft,Leo,2021-08-11,40%
1084,2021-08-08,Taeyoon,Gumayusi,2021-08-07,
1085,2021-08-08,Gumayusi,Taeyoon,2021-08-07,
1086,2021-08-08,Ghost,Ruler,2021-08-07,43.2%
1087,2021-08-07,Prince,Hena,2021-08-06,50%
1088,2021-08-07,Hena,Prince,2021-08-06,50%
1089,2021-08-07,deokdam,Leo,2021-08-06,100%
1090,2021-08-06,Gumayusi,Ruler,2021-08-05,37.5%
1091,2021-08-06,Ruler,Gumayusi,2021-08-05,62.5%
1092,2021-08-06,Taeyoon,5kid,2021-08-05,
1093,2021-08-06,5kid,Taeyoon,2021-08-05,
1094,2021-08-05,Deft,Prince,2021-08-04,40%
1095,2021-08-05,Prince,Deft,2021-08-04,60%
1096,2021-08-05,Hena,Ghost,2021-08-04,50%
1097,2021-08-01,5kid,Ghost,2021-07-31,
1098,2021-08-01,Ghost,5kid,2021-07-31,
1099,2021-08-01,Deft,deokdam,2021-07-31,76.5%
1100,2021-08-01,deokdam,Deft,2021-07-31,23.5%
1101,2021-08-01,Gori,Deft,2021-07-31,33.3%
1102,2021-07-31,Leo,Taeyoon,2021-07-30,
1103,2021-07-31,Taeyoon,Leo,2021-07-30,
1104,2021-07-31,Gumayusi,Hena,2021-07-30,50%
1105,2021-07-31,Hena,Gumayusi,2021-07-30,50%
1106,2021-07-30,5kid,Ruler,2021-07-29,
1107,2021-07-30,deokdam,Prince,2021-07-29,80%
1108,2021-07-30,Prince,deokdam,2021-07-29,20%
1109,2021-07-29,Deft,Taeyoon,2021-07-28,
1110,2021-07-29,Taeyoon,Deft,2021-07-28,
1111,2021-07-29,Ghost,Leo,2021-07-28,66.7%
1112,2021-07-29,Leo,Ghost,2021-07-28,33.3%
1113,2021-07-25,Deft,Hena,2021-07-24,75%
1114,2021-07-25,Hena,Deft,2021-07-24,25%
1115,2021-07-25,Ruler,Leo,2021-07-24,100%
1116,2021-07-25,Leo,Ruler,2021-07-24,0%
1117,2021-07-24,Gumayusi,Prince,2021-07-23,
1118,2021-07-24,Taeyoon,Ghost,2021-07-23,
1119,2021-07-24,Ghost,Taeyoon,2021-07-23,
1120,2021-07-23,deokdam,Hena,2021-07-22,66.7%
1121,2021-07-23,Hena,deokdam,2021-07-22,33.3%
1122,2021-07-23,Deft,5kid,2021-07-22,
1123,2021-07-22,Gumayusi,Leo,2021-07-21,
1124,2021-07-22,Leo,Gumayusi,2021-07-21,
1125,2021-07-22,Prince,Ruler,2021-07-21,60%
1126,2021-07-22,Ruler,Prince,2021-07-21,40%
1127,2021-07-18,deokdam,Noah,2021-07-17,57.1%
1128,2021-07-18,Hena,Taeyoon,2021-07-17,33.3%
1129,2021-07-18,Taeyoon,Hena,2021-07-17,66.7%
1130,2021-07-17,Gumayusi,Ghost,2021-07-16,33.3%
1131,2021-07-17,Ruler,Deft,2021-07-16,41.5%
1132,2021-07-17,Deft,Ruler,2021-07-16,58.5%
1133,2021-07-16,Taeyoon,Prince,2021-07-15,
1134,2021-07-16,Leo,Hena,2021-07-15,66.7%
1135,2021-07-16,Hena,Leo,2021-07-15,33.3%
1136,2021-07-15,Ghost,deokdam,2021-07-14,86.7%
1137,2021-07-15,Noah,Gumayusi,2021-07-14,
1138,2021-07-11,Gumayusi,deokdam,2021-07-10,100%
1139,2021-07-11,deokdam,Gumayusi,2021-07-10,0%
1140,2021-07-11,Taeyoon,Ruler,2021-07-10,
1141,2021-07-10,Deft,Ghost,2021-07-09,51.6%
1142,2021-07-10,Hena,Noah,2021-07-09,0%
1143,2021-07-10,Noah,Hena,2021-07-09,100%
1144,2021-07-10,Hena,Harp,2021-07-09,0%
1145,2021-07-09,Leo,Prince,2021-07-08,33.3%
1146,2021-07-09,Prince,Leo,2021-07-08,66.7%
1147,2021-07-09,Gumayusi,Ruler,2021-07-08,16.7%
1148,2021-07-08,Taeyoon,Hena,2021-07-07,
1149,2021-07-08,Hena,Taeyoon,2021-07-07,
1150,2021-07-08,Deft,Noah,2021-07-07,100%
1151,2021-07-08,Noah,Deft,2021-07-07,0%
1152,2021-07-07,Leo,deokdam,2021-07-06,0%
1153,2021-07-07,Prince,Ghost,2021-07-06,0%
1154,2021-07-04,Ghost,Ruler,2021-07-03,40.5%
1155,2021-07-04,Ruler,Ghost,2021-07-03,59.5%
1156,2021-07-04,deokdam,Deft,2021-07-03,21.4%
1157,2021-07-04,Deft,deokdam,2021-07-03,78.6%
1158,2021-07-03,Prince,BAO,2021-07-02,66.7%
1159,2021-07-03,Teddy,Leo,2021-07-02,57.1%
1160,2021-07-03,Leo,Teddy,2021-07-02,42.9%
1161,2021-07-02,Noah,Hena,2021-07-01,100%
1162,2021-07-02,Hena,Noah,2021-07-01,0%
1163,2021-07-02,deokdam,Ghost,2021-07-01,0%
1164,2021-07-01,Prince,Leo,2021-06-30,
1165,2021-07-01,Leo,Prince,2021-06-30,
1166,2021-07-01,BAO,Deft,2021-06-30,20%
1167,2021-07-01,Deft,BAO,2021-06-30,80%
1168,2021-06-30,Hena,Ruler,2021-06-29,20%
1169,2021-06-30,Ruler,Hena,2021-06-29,80%
1170,2021-06-30,Noah,Teddy,2021-06-29,
1171,2021-06-30,Teddy,Noah,2021-06-29,
1172,2021-06-27,Noah,Prince,2021-06-26,
1173,2021-06-27,Prince,Noah,2021-06-26,
1174,2021-06-27,BAO,Teddy,2021-06-26,16.7%
1175,2021-06-26,deokdam,Hena,2021-06-25,100%
1176,2021-06-26,Leo,Ruler,2021-06-25,0%
1177,2021-06-25,Malrang,Deft,2021-06-24,7.7%
1178,2021-06-25,BAO,Noah,2021-06-24,
1179,2021-06-25,Noah,BAO,2021-06-24,
1180,2021-06-24,Teddy,deokdam,2021-06-23,62.5%
1181,2021-06-24,Prince,Ruler,2021-06-23,100%
1182,2021-06-23,Hena,Malrang,2021-06-22,
1183,2021-06-23,Malrang,Hena,2021-06-22,
1184,2021-06-23,Leo,Deft,2021-06-22,33.3%
1185,2021-06-23,Deft,Leo,2021-06-22,66.7%
1186,2021-06-20,Deft,Hena,2021-06-19,80%
1187,2021-06-20,Hena,Deft,2021-06-19,20%
1188,2021-06-20,Teddy,Prince,2021-06-19,100%
1189,2021-06-20,Prince,Teddy,2021-06-19,0%
1190,2021-06-19,Noah,Leo,2021-06-18,
1191,2021-06-19,Leo,Noah,2021-06-18,
1192,2021-06-19,BAO,Malrang,2021-06-18,0%
1193,2021-06-19,Malrang,BAO,2021-06-18,100%
1194,2021-06-18,deokdam,Ruler,2021-06-17,0%
1195,2021-06-18,Deft,Prince,2021-06-17,66.7%
1196,2021-06-18,Prince,Deft,2021-06-17,33.3%
1197,2021-06-17,Leo,Malrang,2021-06-16,
1198,2021-06-17,Malrang,Leo,2021-06-16,
1199,2021-06-17,Hena,Teddy,2021-06-16,
1200,2021-06-17,Teddy,Hena,2021-06-16,
1201,2021-06-16,Noah,Ruler,2021-06-15,33.3%
1202,2021-06-16,deokdam,BAO,2021-06-15,57.1%
1203,2021-06-16,BAO,deokdam,2021-06-15,42.9%
1204,2021-06-13,Leo,BAO,2021-06-12,33.3%
1205,2021-06-13,BAO,Leo,2021-06-12,66.7%
1206,2021-06-13,Ghost,Noah,2021-06-12,66.7%
1207,2021-06-13,Noah,Ghost,2021-06-12,33.3%
1208,2021-06-12,Deft,Ruler,2021-06-11,60.3%
1209,2021-06-12,Prince,deokdam,2021-06-11,0%
1210,2021-06-12,deokdam,Prince,2021-06-11,100%
1211,2021-06-11,Ghost,Teddy,2021-06-10,61%
1212,2021-06-11,Teddy,Ghost,2021-06-10,39%
1213,2021-06-11,Hena,Leo,2021-06-10,
1214,2021-06-11,Leo,Hena,2021-06-10,
1215,2021-06-10,Ruler,BAO,2021-06-09,50%
1216,2021-06-10,BAO,Ruler,2021-06-09,50%
1217,2021-06-10,Noah,deokdam,2021-06-09,50%
1218,2021-06-10,deokdam,Noah,2021-06-09,50%
1219,2021-06-09,Deft,Teddy,2021-06-08,48%
1220,2021-06-09,Teddy,Deft,2021-06-08,52%
1221,2021-06-09,Prince,Hena,2021-06-08,100%
1222,2021-06-09,Hena,Prince,2021-06-08,0%
1223,2021-04-11,Ruler,Ghost,2021-04-10,64.1%
1224,2021-04-11,Ghost,Ruler,2021-04-10,35.9%
1225,2021-04-04,Teddy,Ruler,2021-04-03,57.8%
1226,2021-04-04,Ruler,Teddy,2021-04-03,42.2%
1227,2021-04-03,Ghost,Deft,2021-04-02,45.8%
1228,2021-04-03,Deft,Ghost,2021-04-02,54.2%
1229,2021-04-01,BAO,Teddy,2021-03-31,0%
1230,2021-04-01,Teddy,BAO,2021-03-31,100%
1231,2021-03-31,Deft,deokdam,2021-03-30,88.9%
1232,2021-03-31,deokdam,Deft,2021-03-30,11.1%
1233,2021-03-28,Prince,BAO,2021-03-27,
1234,2021-03-28,BAO,Prince,2021-03-27,
1235,2021-03-28,Teddy,Deft,2021-03-27,50%
1236,2021-03-28,Deft,Teddy,2021-03-27,50%
1237,2021-03-27,Hena,deokdam,2021-03-26,0%
1238,2021-03-27,deokdam,Hena,2021-03-26,100%
1239,2021-03-27,Ghost,Noah,2021-03-26,
1240,2021-03-27,Noah,Ghost,2021-03-26,
1241,2021-03-26,Prince,Bang,2021-03-25,
1242,2021-03-26,Bang,Prince,2021-03-25,
1243,2021-03-26,Ruler,BAO,2021-03-25,33.3%
1244,2021-03-25,Noah,deokdam,2021-03-24,0%
1245,2021-03-25,deokdam,Noah,2021-03-24,100%
1246,2021-03-25,Deft,Hena,2021-03-24,66.7%
1247,2021-03-25,Hena,Deft,2021-03-24,33.3%
1248,2021-03-21,Teddy,Bang,2021-03-20,25%
1249,2021-03-21,Bang,Teddy,2021-03-20,75%
1250,2021-03-21,Ghost,BAO,2021-03-20,100%
1251,2021-03-21,BAO,Ghost,2021-03-20,0%
1252,2021-03-20,Noah,Ruler,2021-03-19,
1253,2021-03-20,Ruler,Noah,2021-03-19,
1254,2021-03-20,Hena,Prince,2021-03-19,
1255,2021-03-20,Prince,Hena,2021-03-19,
1256,2021-03-19,BAO,Teddy,2021-03-18,
1257,2021-03-19,Teddy,BAO,2021-03-18,
1258,2021-03-19,deokdam,Bang,2021-03-18,33.3%
1259,2021-03-19,Bang,deokdam,2021-03-18,66.7%
1260,2021-03-18,Noah,Deft,2021-03-17,
1261,2021-03-18,Deft,HyBrid,2021-03-17,57.1%
1262,2021-03-18,Ruler,Ghost,2021-03-17,63.9%
1263,2021-03-18,Ghost,Ruler,2021-03-17,36.1%
1264,2021-03-14,deokdam,Ghost,2021-03-13,0%
1265,2021-03-14,Ghost,deokdam,2021-03-13,100%
1266,2021-03-14,Prince,Deft,2021-03-13,
1267,2021-03-14,Deft,Prince,2021-03-13,
1268,2021-03-13,Bang,Hena,2021-03-12,100%
1269,2021-03-13,Hena,Bang,2021-03-12,0%
1270,2021-03-13,Teddy,Ruler,2021-03-12,55.8%
1271,2021-03-13,Ruler,Teddy,2021-03-12,44.2%
1272,2021-03-12,deokdam,BAO,2021-03-11,50%
1273,2021-03-12,BAO,deokdam,2021-03-11,50%
1274,2021-03-12,Prince,HyBrid,2021-03-11,
1275,2021-03-12,HyBrid,Prince,2021-03-11,
1276,2021-03-11,Deft,Bang,2021-03-10,45.7%
1277,2021-03-11,Bang,Deft,2021-03-10,54.3%
1278,2021-03-11,Ghost,Hena,2021-03-10,0%
1279,2021-03-11,Hena,Ghost,2021-03-10,100%
1280,2021-03-07,Ruler,Deft,2021-03-06,37.7%
1281,2021-03-07,Deft,Ruler,2021-03-06,62.3%
1282,2021-03-07,Hena,BAO,2021-03-06,33.3%
1283,2021-03-07,BAO,Hena,2021-03-06,66.7%
1284,2021-03-06,HyBrid,Teddy,2021-03-05,0%
1285,2021-03-06,Teddy,HyBrid,2021-03-05,100%
1286,2021-03-06,Bang,Ghost,2021-03-05,65.2%
1287,2021-03-06,Ghost,Bang,2021-03-05,34.8%
1288,2021-03-05,Prince,Ruler,2021-03-04,
1289,2021-03-05,Ruler,Prince,2021-03-04,
1290,2021-03-05,deokdam,Deft,2021-03-04,14.3%
1291,2021-03-05,Deft,deokdam,2021-03-04,85.7%
1292,2021-03-04,Gumayusi,Hena,2021-03-03,100%
1293,2021-03-04,Hena,Gumayusi,2021-03-03,0%
1294,2021-03-04,HyBrid,BAO,2021-03-03,100%
1295,2021-03-04,BAO,HyBrid,2021-03-03,0%
1296,2021-02-28,deokdam,Prince,2021-02-27,
1297,2021-02-28,Prince,deokdam,2021-02-27,
1298,2021-02-28,Ruler,Bang,2021-02-27,50%
1299,2021-02-28,Bang,Ruler,2021-02-27,50%
1300,2021-02-27,Teddy,Ghost,2021-02-26,39.5%
1301,2021-02-27,Ghost,Teddy,2021-02-26,60.5%
1302,2021-02-27,Deft,BAO,2021-02-26,66.7%
1303,2021-02-27,BAO,Deft,2021-02-26,33.3%
1304,2021-02-26,HyBrid,Bang,2021-02-25,66.7%
1305,2021-02-26,Bang,HyBrid,2021-02-25,33.3%
1306,2021-02-26,Ruler,Hena,2021-02-25,100%
1307,2021-02-26,Hena,Ruler,2021-02-25,0%
1308,2021-02-25,Prince,Ghost,2021-02-24,
1309,2021-02-25,Ghost,Prince,2021-02-24,
1310,2021-02-25,Teddy,deokdam,2021-02-24,50%
1311,2021-02-25,deokdam,Teddy,2021-02-24,50%
1312,2021-02-21,Teddy,Prince,2021-02-20,
1313,2021-02-21,Prince,Teddy,2021-02-20,
1314,2021-02-21,Bang,BAO,2021-02-20,25%
1315,2021-02-21,BAO,Bang,2021-02-20,75%
1316,2021-02-20,Deft,Ghost,2021-02-19,55.4%
1317,2021-02-20,Ghost,Deft,2021-02-19,44.6%
1318,2021-02-20,Ruler,deokdam,2021-02-19,100%
1319,2021-02-20,deokdam,Ruler,2021-02-19,0%
1320,2021-02-19,Hena,HyBrid,2021-02-18,80%
1321,2021-02-19,HyBrid,Hena,2021-02-18,20%
1322,2021-02-19,BAO,Gumayusi,2021-02-18,
1323,2021-02-19,Gumayusi,BAO,2021-02-18,
1324,2021-02-18,Ruler,Bang,2021-02-17,47.4%
1325,2021-02-18,Bang,Ruler,2021-02-17,52.6%
1326,2021-02-18,deokdam,Deft,2021-02-17,0%
1327,2021-02-18,Deft,deokdam,2021-02-17,100%
1328,2021-02-17,Route,Hena,2021-02-16,
1329,2021-02-17,Hena,Route,2021-02-16,
1330,2021-02-17,HyBrid,Ghost,2021-02-16,0%
1331,2021-02-17,Ghost,HyBrid,2021-02-16,100%
1332,2021-02-07,BAO,Ghost,2021-02-06,0%
1333,2021-02-07,Ghost,BAO,2021-02-06,100%
1334,2021-02-07,Route,Deft,2021-02-06,13.3%
1335,2021-02-07,Deft,Route,2021-02-06,86.7%
1336,2021-02-06,HyBrid,Bang,2021-02-05,
1337,2021-02-06,Bang,HyBrid,2021-02-05,
1338,2021-02-06,Hena,Gumayusi,2021-02-05,
1339,2021-02-06,Gumayusi,Hena,2021-02-05,
1340,2021-02-05,deokdam,Ruler,2021-02-04,0%
1341,2021-02-05,Ruler,deokdam,2021-02-04,100%
1342,2021-02-05,Ghost,Route,2021-02-04,100%
1343,2021-02-05,Route,Ghost,2021-02-04,0%
1344,2021-02-04,Hena,HyBrid,2021-02-03,100%
1345,2021-02-04,HyBrid,Hena,2021-02-03,0%
1346,2021-02-04,Deft,Bang,2021-02-03,44.2%
1347,2021-02-04,Bang,Deft,2021-02-03,55.8%
1348,2021-02-03,Ruler,BAO,2021-02-02,
1349,2021-02-03,BAO,Ruler,2021-02-02,
1350,2021-02-03,Gumayusi,deokdam,2021-02-02,
1351,2021-02-03,deokdam,Teddy,2021-02-02,40%
1352,2021-01-31,HyBrid,deokdam,2021-01-30,20%
1353,2021-01-31,deokdam,HyBrid,2021-01-30,80%
1354,2021-01-31,Teddy,Bang,2021-01-30,27.8%
1355,2021-01-31,Bang,Teddy,2021-01-30,72.2%
1356,2021-01-30,Ruler,Leo,2021-01-29,
1357,2021-01-30,Leo,Ruler,2021-01-29,
1358,2021-01-30,Hena,BAO,2021-01-29,
1359,2021-01-30,BAO,Hena,2021-01-29,
1360,2021-01-29,Deft,Ghost,2021-01-28,57.4%
1361,2021-01-29,Ghost,Deft,2021-01-28,42.6%
1362,2021-01-29,Bang,deokdam,2021-01-28,0%
1363,2021-01-29,deokdam,Bang,2021-01-28,100%
1364,2021-01-28,Leo,Teddy,2021-01-27,60%
1365,2021-01-28,Teddy,Leo,2021-01-27,40%
1366,2021-01-28,HyBrid,BAO,2021-01-27,
1367,2021-01-28,BAO,HyBrid,2021-01-27,
1368,2021-01-27,Ghost,Ruler,2021-01-26,33.3%
1369,2021-01-27,Ruler,Ghost,2021-01-26,66.7%
1370,2021-01-27,Hena,Deft,2021-01-26,100%
1371,2021-01-27,Deft,Hena,2021-01-26,0%
1372,2021-01-24,Ruler,Deft,2021-01-23,37.9%
1373,2021-01-24,Deft,Ruler,2021-01-23,62.1%
1374,2021-01-24,HyBrid,Gumayusi,2021-01-23,
1375,2021-01-24,Gumayusi,HyBrid,2021-01-23,
1376,2021-01-23,deokdam,Hena,2021-01-22,
1377,2021-01-23,Hena,deokdam,2021-01-22,
1378,2021-01-23,Ghost,Bang,2021-01-22,28.6%
1379,2021-01-23,Bang,Ghost,2021-01-22,71.4%
1380,2021-01-22,BAO,Leo,2021-01-21,
1381,2021-01-22,Leo,BAO,2021-01-21,
1382,2021-01-22,HyBrid,Deft,2021-01-21,50%
1383,2021-01-22,Deft,HyBrid,2021-01-21,50%
1384,2021-01-21,Hena,Ghost,2021-01-20,
1385,2021-01-21,Ghost,Hena,2021-01-20,
1386,2021-01-21,Gumayusi,Ruler,2021-01-20,0%
1387,2021-01-21,Ruler,Gumayusi,2021-01-20,100%
1388,2021-01-20,BAO,deokdam,2021-01-19,0%
1389,2021-01-20,deokdam,BAO,2021-01-19,100%
1390,2021-01-20,Bang,Leo,2021-01-19,0%
1391,2021-01-20,Leo,Bang,2021-01-19,100%
1392,2021-01-17,Hena,Bang,2021-01-16,
1393,2021-01-17,Bang,Hena,2021-01-16,
1394,2021-01-17,Ghost,deokdam,2021-01-16,100%
1395,2021-01-17,deokdam,Ghost,2021-01-16,0%
1396,2021-01-16,Deft,BAO,2021-01-15,
1397,2021-01-16,BAO,Deft,2021-01-15,
1398,2021-01-16,HyBrid,Route,2021-01-15,42.9%
1399,2021-01-16,Route,HyBrid,2021-01-15,57.1%
1400,2021-01-15,Ghost,Gumayusi,2021-01-14,
1401,2021-01-15,Gumayusi,Ghost,2021-01-14,
1402,2021-01-15,Ruler,Hena,2021-01-14,
1403,2021-01-15,Hena,Ruler,2021-01-14,
1404,2021-01-14,BAO,Bang,2021-01-13,100%
1405,2021-01-14,Bang,BAO,2021-01-13,0%
1406,2021-01-14,deokdam,Route,2021-01-13,54.5%
1407,2021-01-14,Route,deokdam,2021-01-13,45.5%
1408,2021-01-13,Gumayusi,Deft,2021-01-12,
1409,2021-01-13,Deft,Gumayusi,2021-01-12,
1410,2021-01-13,HyBrid,Ruler,2021-01-12,16.7%
1411,2021-01-13,Ruler,HyBrid,2021-01-12,83.3%
1412,2021-08-29,Keria,BeryL,2021-08-28,45.7%
1413,2021-08-29,BeryL,Keria,2021-08-28,54.3%
1414,2021-08-22,Life,Keria,2021-08-21,43.3%
1415,2021-08-22,Keria,Life,2021-08-21,56.7%
1416,2021-08-21,Kellin,BeryL,2021-08-20,22.2%
1417,2021-08-21,BeryL,Kellin,2021-08-20,77.8%
1418,2021-08-19,Effort,Keria,2021-08-18,58.3%
1419,2021-08-19,Keria,Effort,2021-08-18,41.7%
1420,2021-08-18,Lehends,Kellin,2021-08-17,69.2%
1421,2021-08-18,Kellin,Lehends,2021-08-17,30.8%
1422,2021-08-15,Life,Kellin,2021-08-14,84.6%
1423,2021-08-15,Keria,Vsta,2021-08-14,90%
1424,2021-08-15,Vsta,Keria,2021-08-14,10%
1425,2021-08-14,Lehends,Zzus,2021-08-13,60%
1426,2021-08-14,Zzus,Lehends,2021-08-13,40%
1427,2021-08-14,BeryL,Effort,2021-08-13,78.9%
1428,2021-08-13,Jun,Kellin,2021-08-12,
1429,2021-08-13,Life,Delight,2021-08-12,71.4%
1430,2021-08-13,Delight,Life,2021-08-12,28.6%
1431,2021-08-12,Effort,Zzus,2021-08-11,50%
1432,2021-08-12,Vsta,Lehends,2021-08-11,40.5%
1433,2021-08-08,Jun,Keria,2021-08-07,
1434,2021-08-08,Keria,Jun,2021-08-07,
1435,2021-08-08,BeryL,Life,2021-08-07,61.5%
1436,2021-08-07,Effort,Delight,2021-08-06,33.3%
1437,2021-08-07,Delight,Effort,2021-08-06,66.7%
1438,2021-08-07,Kellin,Lehends,2021-08-06,36.4%
1439,2021-08-06,Keria,Life,2021-08-05,55.6%
1440,2021-08-06,Life,Keria,2021-08-05,44.4%
1441,2021-08-06,Jun,Zzus,2021-08-05,
1442,2021-08-06,Harp,Jun,2021-08-05,
1443,2021-08-06,Jun,Harp,2021-08-05,
1444,2021-08-05,Vsta,Effort,2021-08-04,36.4%
1445,2021-08-05,Effort,Vsta,2021-08-04,63.6%
1446,2021-08-05,Delight,BeryL,2021-08-04,57.1%
1447,2021-08-01,Zzus,BeryL,2021-07-31,33.3%
1448,2021-08-01,BeryL,Zzus,2021-07-31,66.7%
1449,2021-08-01,Vsta,Kellin,2021-07-31,69.2%
1450,2021-08-01,Kellin,Vsta,2021-07-31,30.8%
1451,2021-07-31,Lehends,Jun,2021-07-30,
1452,2021-07-31,Jun,Lehends,2021-07-30,
1453,2021-07-31,Keria,Delight,2021-07-30,66.7%
1454,2021-07-31,Delight,Keria,2021-07-30,33.3%
1455,2021-07-30,Zzus,Life,2021-07-29,20%
1456,2021-07-30,Kellin,Effort,2021-07-29,52.4%
1457,2021-07-30,Effort,Kellin,2021-07-29,47.6%
1458,2021-07-29,Vsta,Jun,2021-07-28,
1459,2021-07-29,Jun,Vsta,2021-07-28,
1460,2021-07-29,BeryL,Lehends,2021-07-28,85%
1461,2021-07-29,Lehends,BeryL,2021-07-28,15%
1462,2021-07-25,Vsta,Delight,2021-07-24,75%
1463,2021-07-25,Delight,Vsta,2021-07-24,25%
1464,2021-07-25,Life,Lehends,2021-07-24,64.3%
1465,2021-07-25,Lehends,Life,2021-07-24,35.7%
1466,2021-07-24,Keria,Effort,2021-07-23,42.9%
1467,2021-07-24,Jun,BeryL,2021-07-23,
1468,2021-07-24,BeryL,Jun,2021-07-23,
1469,2021-07-23,Kellin,Delight,2021-07-22,66.7%
1470,2021-07-23,Delight,Kellin,2021-07-22,33.3%
1471,2021-07-23,Vsta,Zzus,2021-07-22,66.7%
1472,2021-07-22,Keria,Lehends,2021-07-21,58.8%
1473,2021-07-22,Lehends,Keria,2021-07-21,41.2%
1474,2021-07-22,Effort,Life,2021-07-21,56.5%
1475,2021-07-22,Life,Effort,2021-07-21,43.5%
1476,2021-07-18,Kellin,Zzus,2021-07-17,70%
1477,2021-07-18,Delight,Jun,2021-07-17,
1478,2021-07-18,Jun,Delight,2021-07-17,
1479,2021-07-17,Keria,BeryL,2021-07-16,43.8%
1480,2021-07-17,Life,Vsta,2021-07-16,66.7%
1481,2021-07-17,Vsta,Life,2021-07-16,33.3%
1482,2021-07-16,Jun,Effort,2021-07-15,
1483,2021-07-16,Lehends,Delight,2021-07-15,57.1%
1484,2021-07-16,Delight,Lehends,2021-07-15,42.9%
1485,2021-07-15,BeryL,Kellin,2021-07-14,81.3%
1486,2021-07-15,Harp,Keria,2021-07-14,33.3%
1487,2021-07-11,Keria,Kellin,2021-07-10,62.5%
1488,2021-07-11,Kellin,Keria,2021-07-10,37.5%
1489,2021-07-11,Jun,Life,2021-07-10,
1490,2021-07-10,Vsta,BeryL,2021-07-09,23.5%
1491,2021-07-10,Delight,Harp,2021-07-09,0%
1492,2021-07-10,Harp,Delight,2021-07-09,100%
1493,2021-07-10,Delight,Noah,2021-07-09,0%
1494,2021-07-09,Lehends,Effort,2021-07-08,43.3%
1495,2021-07-09,Effort,Lehends,2021-07-08,56.7%
1496,2021-07-09,Keria,Life,2021-07-08,52%
1497,2021-07-08,Jun,Delight,2021-07-07,
1498,2021-07-08,Delight,Jun,2021-07-07,
1499,2021-07-08,Vsta,Harp,2021-07-07,
1500,2021-07-08,Harp,Vsta,2021-07-07,
1501,2021-07-07,Lehends,Kellin,2021-07-06,77.8%
1502,2021-07-07,Effort,BeryL,2021-07-06,23.5%
1503,2021-07-04,BeryL,Life,2021-07-03,58.3%
1504,2021-07-04,Life,BeryL,2021-07-03,41.7%
1505,2021-07-04,Kellin,Vsta,2021-07-03,30%
1506,2021-07-04,Vsta,Kellin,2021-07-03,70%
1507,2021-07-03,Effort,Becca,2021-07-02,57.1%
1508,2021-07-03,Keria,Lehends,2021-07-02,64.3%
1509,2021-07-03,Lehends,Keria,2021-07-02,35.7%
1510,2021-07-02,Harp,Delight,2021-07-01,
1511,2021-07-02,Delight,Harp,2021-07-01,
1512,2021-07-02,Kellin,BeryL,2021-07-01,7.7%
1513,2021-07-01,Effort,Lehends,2021-06-30,55.6%
1514,2021-07-01,Lehends,Effort,2021-06-30,44.4%
1515,2021-07-01,Becca,Vsta,2021-06-30,20%
1516,2021-07-01,Vsta,Becca,2021-06-30,80%
1517,2021-06-30,Delight,Life,2021-06-29,25%
1518,2021-06-30,Life,Delight,2021-06-29,75%
1519,2021-06-30,Harp,Keria,2021-06-29,
1520,2021-06-30,Keria,Harp,2021-06-29,
1521,2021-06-27,Harp,Effort,2021-06-26,
1522,2021-06-27,Effort,Harp,2021-06-26,
1523,2021-06-27,Becca,Keria,2021-06-26,33.3%
1524,2021-06-26,Kellin,Delight,2021-06-25,100%
1525,2021-06-26,Lehends,Life,2021-06-25,38.5%
1526,2021-06-25,BeryL,Vsta,2021-06-24,78.6%
1527,2021-06-25,Becca,Harp,2021-06-24,
1528,2021-06-25,Harp,Becca,2021-06-24,
1529,2021-06-24,Keria,Kellin,2021-06-23,83.3%
1530,2021-06-24,Effort,Life,2021-06-23,60%
1531,2021-06-23,Delight,BeryL,2021-06-22,50%
1532,2021-06-23,BeryL,Delight,2021-06-22,50%
1533,2021-06-23,Lehends,Vsta,2021-06-22,35%
1534,2021-06-23,Vsta,Lehends,2021-06-22,42.5%
1535,2021-06-20,Vsta,Delight,2021-06-19,80%
1536,2021-06-20,Delight,Vsta,2021-06-19,20%
1537,2021-06-20,Keria,Effort,2021-06-19,47.4%
1538,2021-06-20,Effort,Keria,2021-06-19,52.6%
1539,2021-06-19,Harp,Lehends,2021-06-18,
1540,2021-06-19,Lehends,Harp,2021-06-18,
1541,2021-06-19,Becca,BeryL,2021-06-18,0%
1542,2021-06-19,BeryL,Becca,2021-06-18,100%
1543,2021-06-18,Kellin,Life,2021-06-17,10%
1544,2021-06-18,Vsta,Effort,2021-06-17,44.4%
1545,2021-06-18,Effort,Vsta,2021-06-17,55.6%
1546,2021-06-17,Lehends,BeryL,2021-06-16,16.7%
1547,2021-06-17,BeryL,Lehends,2021-06-16,83.3%
1548,2021-06-17,Delight,Keria,2021-06-16,50%
1549,2021-06-17,Keria,Delight,2021-06-16,50%
1550,2021-06-16,Harp,Life,2021-06-15,
1551,2021-06-16,Kellin,Becca,2021-06-15,57.1%
1552,2021-06-16,Becca,Kellin,2021-06-15,42.9%
1553,2021-06-13,Lehends,Becca,2021-06-12,28.6%
1554,2021-06-13,Becca,Lehends,2021-06-12,71.4%
1555,2021-06-13,BeryL,Harp,2021-06-12,
1556,2021-06-13,Harp,BeryL,2021-06-12,
1557,2021-06-12,Vsta,Life,2021-06-11,40%
1558,2021-06-12,Effort,Kellin,2021-06-11,50%
1559,2021-06-12,Kellin,Effort,2021-06-11,50%
1560,2021-06-11,BeryL,Keria,2021-06-10,55.2%
1561,2021-06-11,Keria,BeryL,2021-06-10,44.8%
1562,2021-06-11,Delight,Lehends,2021-06-10,50%
1563,2021-06-11,Lehends,Delight,2021-06-10,50%
1564,2021-06-10,Life,Becca,2021-06-09,50%
1565,2021-06-10,Becca,Life,2021-06-09,50%
1566,2021-06-10,Zzus,Kellin,2021-06-09,28.6%
1567,2021-06-10,Kellin,Zzus,2021-06-09,71.4%
1568,2021-06-09,Vsta,Keria,2021-06-08,12.5%
1569,2021-06-09,Keria,Vsta,2021-06-08,87.5%
1570,2021-06-09,Effort,Delight,2021-06-08,50%
1571,2021-06-09,Delight,Effort,2021-06-08,50%
1572,2021-04-11,Life,BeryL,2021-04-10,47.6%
1573,2021-04-11,BeryL,Life,2021-04-10,52.4%
1574,2021-04-04,Keria,Life,2021-04-03,59.1%
1575,2021-04-04,Life,Keria,2021-04-03,40.9%
1576,2021-04-03,BeryL,Vsta,2021-04-02,72.7%
1577,2021-04-03,Vsta,BeryL,2021-04-02,27.3%
1578,2021-04-01,Becca,Keria,2021-03-31,40%
1579,2021-04-01,Keria,Becca,2021-03-31,60%
1580,2021-03-31,Vsta,Kellin,2021-03-30,80%
1581,2021-03-31,Kellin,Vsta,2021-03-30,20%
1582,2021-03-28,Effort,Becca,2021-03-27,50%
1583,2021-03-28,Becca,Effort,2021-03-27,50%
1584,2021-03-28,Keria,Vsta,2021-03-27,83.3%
1585,2021-03-28,Vsta,Keria,2021-03-27,16.7%
1586,2021-03-27,Delight,Kellin,2021-03-26,0%
1587,2021-03-27,Kellin,Delight,2021-03-26,100%
1588,2021-03-27,BeryL,Zzus,2021-03-26,66.7%
1589,2021-03-27,Zzus,BeryL,2021-03-26,33.3%
1590,2021-03-26,Effort,Lehends,2021-03-25,60%
1591,2021-03-26,Lehends,Effort,2021-03-25,40%
1592,2021-03-26,Life,Becca,2021-03-25,33.3%
1593,2021-03-25,Zzus,Kellin,2021-03-24,0%
1594,2021-03-25,Kellin,Zzus,2021-03-24,100%
1595,2021-03-25,Vsta,Delight,2021-03-24,66.7%
1596,2021-03-25,Delight,Vsta,2021-03-24,33.3%
1597,2021-03-21,Keria,Lehends,2021-03-20,63.6%
1598,2021-03-21,Lehends,Keria,2021-03-20,36.4%
1599,2021-03-21,BeryL,Becca,2021-03-20,100%
1600,2021-03-21,Becca,BeryL,2021-03-20,0%
1601,2021-03-20,Zzus,Life,2021-03-19,0%
1602,2021-03-20,Life,Zzus,2021-03-19,100%
1603,2021-03-20,Delight,Effort,2021-03-19,100%
1604,2021-03-20,Effort,Delight,2021-03-19,0%
1605,2021-03-19,Becca,Keria,2021-03-18,66.7%
1606,2021-03-19,Keria,Becca,2021-03-18,33.3%
1607,2021-03-19,Kellin,Lehends,2021-03-18,12.5%
1608,2021-03-19,MapSSi,Kellin,2021-03-18,
1609,2021-03-18,Zzus,Vsta,2021-03-17,50%
1610,2021-03-18,Vsta,Zzus,2021-03-17,50%
1611,2021-03-18,Life,BeryL,2021-03-17,44.4%
1612,2021-03-18,BeryL,Life,2021-03-17,55.6%
1613,2021-03-14,Kellin,BeryL,2021-03-13,9.1%
1614,2021-03-14,BeryL,Kellin,2021-03-13,90.9%
1615,2021-03-14,Effort,Vsta,2021-03-13,66.7%
1616,2021-03-14,Vsta,Effort,2021-03-13,33.3%
1617,2021-03-13,Lehends,Delight,2021-03-12,100%
1618,2021-03-13,Delight,Lehends,2021-03-12,0%
1619,2021-03-13,Keria,Life,2021-03-12,55%
1620,2021-03-13,Life,Keria,2021-03-12,45%
1621,2021-03-12,Kellin,Becca,2021-03-11,50%
1622,2021-03-12,Becca,Kellin,2021-03-11,50%
1623,2021-03-12,Effort,Zzus,2021-03-11,0%
1624,2021-03-12,Zzus,Effort,2021-03-11,100%
1625,2021-03-11,Vsta,Lehends,2021-03-10,39.5%
1626,2021-03-11,Lehends,Vsta,2021-03-10,36.8%
1627,2021-03-11,BeryL,Delight,2021-03-10,0%
1628,2021-03-11,Delight,BeryL,2021-03-10,100%
1629,2021-03-07,Life,Vsta,2021-03-06,50%
1630,2021-03-07,Vsta,Life,2021-03-06,50%
1631,2021-03-07,Delight,Becca,2021-03-06,33.3%
1632,2021-03-07,Becca,Delight,2021-03-06,66.7%
1633,2021-03-06,Zzus,Keria,2021-03-05,66.7%
1634,2021-03-06,Keria,Zzus,2021-03-05,33.3%
1635,2021-03-06,Lehends,BeryL,2021-03-05,18.8%
1636,2021-03-06,BeryL,Lehends,2021-03-05,81.3%
1637,2021-03-05,Effort,Life,2021-03-04,55.6%
1638,2021-03-05,Life,Effort,2021-03-04,44.4%
1639,2021-03-05,Kellin,Vsta,2021-03-04,33.3%
1640,2021-03-05,Vsta,Kellin,2021-03-04,66.7%
1641,2021-03-04,Keria,Delight,2021-03-03,100%
1642,2021-03-04,Delight,Keria,2021-03-03,0%
1643,2021-03-04,Zzus,Becca,2021-03-03,100%
1644,2021-03-04,Becca,Zzus,2021-03-03,0%
1645,2021-02-28,Kellin,Effort,2021-02-27,43.8%
1646,2021-02-28,Effort,Kellin,2021-02-27,56.3%
1647,2021-02-28,Life,Lehends,2021-02-27,60.9%
1648,2021-02-28,Lehends,Life,2021-02-27,39.1%
1649,2021-02-27,Keria,BeryL,2021-02-26,46.2%
1650,2021-02-27,BeryL,Keria,2021-02-26,53.8%
1651,2021-02-27,Vsta,Becca,2021-02-26,66.7%
1652,2021-02-27,Becca,Vsta,2021-02-26,33.3%
1653,2021-02-26,Zzus,Lehends,2021-02-25,66.7%
1654,2021-02-26,Lehends,Zzus,2021-02-25,33.3%
1655,2021-02-26,Life,Delight,2021-02-25,100%
1656,2021-02-26,Delight,Life,2021-02-25,0%
1657,2021-02-25,Effort,BeryL,2021-02-24,26.7%
1658,2021-02-25,BeryL,Effort,2021-02-24,73.3%
1659,2021-02-25,Keria,Kellin,2021-02-24,75%
1660,2021-02-25,Kellin,Keria,2021-02-24,25%
1661,2021-02-21,Keria,Effort,2021-02-20,41.2%
1662,2021-02-21,Effort,Keria,2021-02-20,58.8%
1663,2021-02-21,Lehends,Becca,2021-02-20,25%
1664,2021-02-21,Becca,Lehends,2021-02-20,75%
1665,2021-02-20,Vsta,BeryL,2021-02-19,25%
1666,2021-02-20,BeryL,Vsta,2021-02-19,75%
1667,2021-02-20,Life,Kellin,2021-02-19,87.5%
1668,2021-02-20,Kellin,Life,2021-02-19,12.5%
1669,2021-02-19,Delight,Zzus,2021-02-18,50%
1670,2021-02-19,Zzus,Delight,2021-02-18,50%
1671,2021-02-19,Becca,Keria,2021-02-18,
1672,2021-02-19,Keria,Becca,2021-02-18,
1673,2021-02-18,Life,Lehends,2021-02-17,57.1%
1674,2021-02-18,Lehends,Life,2021-02-17,42.9%
1675,2021-02-18,Kellin,Vsta,2021-02-17,
1676,2021-02-18,Vsta,Kellin,2021-02-17,
1677,2021-02-17,Effort,Delight,2021-02-16,
1678,2021-02-17,Delight,Effort,2021-02-16,
1679,2021-02-17,Zzus,BeryL,2021-02-16,
1680,2021-02-17,BeryL,Zzus,2021-02-16,
1681,2021-02-07,Becca,BeryL,2021-02-06,0%
1682,2021-02-07,BeryL,Becca,2021-02-06,100%
1683,2021-02-07,Effort,Vsta,2021-02-06,50%
1684,2021-02-07,Vsta,Effort,2021-02-06,50%
1685,2021-02-06,Zzus,Lehends,2021-02-05,
1686,2021-02-06,Lehends,Zzus,2021-02-05,
1687,2021-02-06,Delight,Keria,2021-02-05,
1688,2021-02-06,Keria,Delight,2021-02-05,
1689,2021-02-05,Kellin,Life,2021-02-04,16.7%
1690,2021-02-05,Life,Kellin,2021-02-04,83.3%
1691,2021-02-05,BeryL,Effort,2021-02-04,69.2%
1692,2021-02-05,Effort,BeryL,2021-02-04,30.8%
1693,2021-02-04,Delight,Zzus,2021-02-03,0%
1694,2021-02-04,Zzus,Delight,2021-02-03,100%
1695,2021-02-04,Vsta,Lehends,2021-02-03,37.1%
1696,2021-02-04,Lehends,Vsta,2021-02-03,37.1%
1697,2021-02-03,Life,Becca,2021-02-02,
1698,2021-02-03,Becca,Life,2021-02-02,
1699,2021-02-03,Keria,Kellin,2021-02-02,100%
1700,2021-02-03,Kellin,Keria,2021-02-02,0%
1701,2021-01-31,Zzus,Kellin,2021-01-30,0%
1702,2021-01-31,Kellin,Zzus,2021-01-30,100%
1703,2021-01-31,Keria,Lehends,2021-01-30,77.8%
1704,2021-01-31,Lehends,Keria,2021-01-30,22.2%
1705,2021-01-30,Life,Effort,2021-01-29,37.5%
1706,2021-01-30,Effort,Life,2021-01-29,62.5%
1707,2021-01-30,Delight,Becca,2021-01-29,
1708,2021-01-30,Becca,Delight,2021-01-29,
1709,2021-01-29,Vsta,BeryL,2021-01-28,33.3%
1710,2021-01-29,BeryL,Vsta,2021-01-28,66.7%
1711,2021-01-29,Lehends,Kellin,2021-01-28,83.3%
1712,2021-01-29,Kellin,Lehends,2021-01-28,16.7%
1713,2021-01-28,Effort,Keria,2021-01-27,66.7%
1714,2021-01-28,Keria,Effort,2021-01-27,33.3%
1715,2021-01-28,Zzus,Becca,2021-01-27,
1716,2021-01-28,Becca,Zzus,2021-01-27,
1717,2021-01-27,BeryL,Life,2021-01-26,53.3%
1718,2021-01-27,Life,BeryL,2021-01-26,46.7%
1719,2021-01-27,Delight,Vsta,2021-01-26,100%
1720,2021-01-27,Vsta,Delight,2021-01-26,0%
1721,2021-01-24,Life,Vsta,2021-01-23,60%
1722,2021-01-24,Vsta,Life,2021-01-23,40%
1723,2021-01-24,Zzus,Keria,2021-01-23,
1724,2021-01-24,Keria,Zzus,2021-01-23,
1725,2021-01-23,Kellin,Delight,2021-01-22,
1726,2021-01-23,Delight,Kellin,2021-01-22,
1727,2021-01-23,BeryL,Lehends,2021-01-22,78.6%
1728,2021-01-23,Lehends,BeryL,2021-01-22,21.4%
1729,2021-01-22,Becca,Effort,2021-01-21,0%
1730,2021-01-22,Effort,Becca,2021-01-21,100%
1731,2021-01-22,Zzus,Vsta,2021-01-21,100%
1732,2021-01-22,Vsta,Zzus,2021-01-21,0%
1733,2021-01-21,Delight,BeryL,2021-01-20,
1734,2021-01-21,BeryL,Delight,2021-01-20,
1735,2021-01-21,Keria,Life,2021-01-20,58.8%
1736,2021-01-21,Life,Keria,2021-01-20,41.2%
1737,2021-01-20,Becca,Kellin,2021-01-19,0%
1738,2021-01-20,Kellin,Becca,2021-01-19,100%
1739,2021-01-20,Lehends,Effort,2021-01-19,43.5%
1740,2021-01-20,Effort,Lehends,2021-01-19,56.5%
1741,2021-01-17,Delight,Lehends,2021-01-16,
1742,2021-01-17,Lehends,Delight,2021-01-16,
1743,2021-01-17,BeryL,Kellin,2021-01-16,88.9%
1744,2021-01-17,Kellin,BeryL,2021-01-16,11.1%
1745,2021-01-16,Vsta,Becca,2021-01-15,
1746,2021-01-16,Becca,Vsta,2021-01-15,
1747,2021-01-16,Zzus,Effort,2021-01-15,
1748,2021-01-16,Effort,Zzus,2021-01-15,
1749,2021-01-15,BeryL,Keria,2021-01-14,52.2%
1750,2021-01-15,Keria,BeryL,2021-01-14,47.8%
1751,2021-01-15,Life,Delight,2021-01-14,
1752,2021-01-15,Deligh,Life,2021-01-14,
1753,2021-01-14,Becca,Lehends,2021-01-13,100%
1754,2021-01-14,Lehends,Becca,2021-01-13,0%
1755,2021-01-14,Kellin,Effort,2021-01-13,38.5%
1756,2021-01-14,Effort,Kellin,2021-01-13,61.5%
1757,2021-01-13,Keria,Vsta,2021-01-12,100%
1758,2021-01-13,Vsta,Keria,2021-01-12,0%
1759,2021-01-13,Zzus,Life,2021-01-12,
1760,2021-01-13,Life,Zzus,2021-01-12,
